evidence_id,case_id,event_type,performed_by,timestamp,storage_location,integrity_status
BID-2026-4464-EV-0001,BID-2026-4464,Collected,Analyst Team Bravo,2026-07-27T16:15:05Z,evidence/BID-2026-4464,Verified
BID-2026-4464-EV-0002,BID-2026-4464,Collected,Analyst Team Bravo,2026-07-27T16:15:05Z,evidence/BID-2026-4464,Verified
BID-2026-4464-EV-0003,BID-2026-4464,Collected,Analyst Team Bravo,2026-07-27T16:15:05Z,evidence/BID-2026-4464,Verified
BID-2026-4464-EV-0004,BID-2026-4464,Collected,Analyst Team Bravo,2026-07-27T16:15:05Z,evidence/BID-2026-4464,Verified
BID-2026-4464-EV-0005,BID-2026-4464,Collected,Analyst Team Bravo,2026-07-27T16:15:05Z,evidence/BID-2026-4464,Verified
BID-2026-4464-EV-0006,BID-2026-4464,Collected,Analyst Team Bravo,2026-07-27T16:15:05Z,evidence/BID-2026-4464,Verified
BID-2026-4464-EV-0007,BID-2026-4464,Collected,Analyst Team Bravo,2026-07-27T16:15:05Z,evidence/BID-2026-4464,Verified
BID-2026-4464-EV-0008,BID-2026-4464,Collected,Analyst Team Bravo,2026-07-27T16:15:05Z,evidence/BID-2026-4464,Verified
BID-2026-4464-EV-0009,BID-2026-4464,Collected,Analyst Team Bravo,2026-07-27T16:15:05Z,evidence/BID-2026-4464,Verified
BID-2026-4464-EV-0010,BID-2026-4464,Collected,Analyst Team Bravo,2026-07-27T16:15:05Z,evidence/BID-2026-4464,Verified
BID-2026-4464-EV-0011,BID-2026-4464,Collected,Analyst Team Bravo,2026-07-27T16:15:05Z,evidence/BID-2026-4464,Verified
BID-2026-4464-EV-0012,BID-2026-4464,Collected,Analyst Team Bravo,2026-07-27T16:15:05Z,evidence/BID-2026-4464,Verified
BID-2026-4464-EV-0013,BID-2026-4464,Collected,Analyst Team Bravo,2026-07-27T16:15:05Z,evidence/BID-2026-4464,Verified
BID-2026-4464-EV-0014,BID-2026-4464,Collected,Analyst Team Bravo,2026-07-27T16:15:05Z,evidence/BID-2026-4464,Verified
BID-2026-4464-EV-0015,BID-2026-4464,Collected,Analyst Team Bravo,2026-07-27T16:15:05Z,evidence/BID-2026-4464,Verified
BID-2026-4464-EV-0016,BID-2026-4464,Collected,Analyst Team Bravo,2026-07-27T16:15:05Z,evidence/BID-2026-4464,Verified
BID-2026-4464-EV-0017,BID-2026-4464,Collected,Analyst Team Bravo,2026-07-27T16:15:05Z,evidence/BID-2026-4464,Verified
BID-2026-4464-EV-0018,BID-2026-4464,Collected,Analyst Team Bravo,2026-07-27T16:15:05Z,evidence/BID-2026-4464,Verified
BID-2026-4464-EV-0019,BID-2026-4464,Collected,Analyst Team Bravo,2026-07-27T16:15:05Z,evidence/BID-2026-4464,Verified
BID-2026-4464-EV-0020,BID-2026-4464,Collected,Analyst Team Bravo,2026-07-27T16:15:05Z,evidence/BID-2026-4464,Verified
BID-2026-4464-EV-0021,BID-2026-4464,Collected,Analyst Team Bravo,2026-07-27T16:15:05Z,evidence/BID-2026-4464,Verified
BID-2026-4464-EV-0022,BID-2026-4464,Collected,Analyst Team Bravo,2026-07-27T16:15:05Z,evidence/BID-2026-4464,Verified
BID-2026-4464-EV-0023,BID-2026-4464,Collected,Analyst Team Bravo,2026-07-27T16:15:05Z,evidence/BID-2026-4464,Verified
BID-2026-4464-EV-0024,BID-2026-4464,Collected,Analyst Team Bravo,2026-07-27T16:15:05Z,evidence/BID-2026-4464,Verified
BID-2026-4464-EV-0025,BID-2026-4464,Collected,Analyst Team Bravo,2026-07-27T16:15:05Z,evidence/BID-2026-4464,Verified
BID-2026-4464-EV-0026,BID-2026-4464,Collected,Analyst Team Bravo,2026-07-27T16:15:05Z,evidence/BID-2026-4464,Verified
BID-2026-4464-EV-0027,BID-2026-4464,Collected,Analyst Team Bravo,2026-07-27T16:15:05Z,evidence/BID-2026-4464,Verified
BID-2026-4464-EV-0028,BID-2026-4464,Collected,Analyst Team Bravo,2026-07-27T16:15:05Z,evidence/BID-2026-4464,Verified
BID-2026-4464-EV-0029,BID-2026-4464,Collected,Analyst Team Bravo,2026-07-27T16:15:05Z,evidence/BID-2026-4464,Verified
BID-2026-4464-EV-0030,BID-2026-4464,Collected,Analyst Team Bravo,2026-07-27T16:15:05Z,evidence/BID-2026-4464,Verified
BID-2026-4464-EV-0031,BID-2026-4464,Collected,Analyst Team Bravo,2026-07-27T16:15:05Z,evidence/BID-2026-4464,Verified
BID-2026-4464-EV-0032,BID-2026-4464,Collected,Analyst Team Bravo,2026-07-27T16:15:05Z,evidence/BID-2026-4464,Verified
BID-2026-4464-EV-0033,BID-2026-4464,Collected,Analyst Team Bravo,2026-07-27T16:15:05Z,evidence/BID-2026-4464,Verified
BID-2026-4464-EV-0034,BID-2026-4464,Collected,Analyst Team Bravo,2026-07-27T16:15:05Z,evidence/BID-2026-4464,Verified
BID-2026-4464-EV-0035,BID-2026-4464,Collected,Analyst Team Bravo,2026-07-27T16:15:05Z,evidence/BID-2026-4464,Verified
BID-2026-4464-EV-0036,BID-2026-4464,Collected,Analyst Team Bravo,2026-07-27T16:15:05Z,evidence/BID-2026-4464,Verified
BID-2026-4464-EV-0037,BID-2026-4464,Collected,Analyst Team Bravo,2026-07-27T16:15:05Z,evidence/BID-2026-4464,Verified
BID-2026-4464-EV-0038,BID-2026-4464,Collected,Analyst Team Bravo,2026-07-27T16:15:05Z,evidence/BID-2026-4464,Verified
BID-2026-4464-EV-0039,BID-2026-4464,Collected,Analyst Team Bravo,2026-07-27T16:15:05Z,evidence/BID-2026-4464,Verified
BID-2026-4464-EV-0040,BID-2026-4464,Collected,Analyst Team Bravo,2026-07-27T16:15:05Z,evidence/BID-2026-4464,Verified
BID-2026-4464-EV-0041,BID-2026-4464,Collected,Analyst Team Bravo,2026-07-27T16:15:05Z,evidence/BID-2026-4464,Verified
BID-2026-4464-EV-0042,BID-2026-4464,Collected,Analyst Team Bravo,2026-07-27T16:15:05Z,evidence/BID-2026-4464,Verified
BID-2026-4464-EV-0043,BID-2026-4464,Collected,Analyst Team Bravo,2026-07-27T16:15:05Z,evidence/BID-2026-4464,Verified
BID-2026-4464-EV-0044,BID-2026-4464,Collected,Analyst Team Bravo,2026-07-27T16:15:05Z,evidence/BID-2026-4464,Verified
BID-2026-4464-EV-0045,BID-2026-4464,Collected,Analyst Team Bravo,2026-07-27T16:15:05Z,evidence/BID-2026-4464,Verified
BID-2026-4464-EV-0046,BID-2026-4464,Collected,Analyst Team Bravo,2026-07-27T16:15:05Z,evidence/BID-2026-4464,Verified
BID-2026-4464-EV-0047,BID-2026-4464,Collected,Analyst Team Bravo,2026-07-27T16:15:05Z,evidence/BID-2026-4464,Verified
BID-2026-4464-EV-0048,BID-2026-4464,Collected,Analyst Team Bravo,2026-07-27T16:15:05Z,evidence/BID-2026-4464,Verified
BID-2026-4464-EV-0049,BID-2026-4464,Collected,Analyst Team Bravo,2026-07-27T16:15:05Z,evidence/BID-2026-4464,Verified
BID-2026-4464-EV-0050,BID-2026-4464,Collected,Analyst Team Bravo,2026-07-27T16:15:05Z,evidence/BID-2026-4464,Verified
BID-2026-4464-EV-0051,BID-2026-4464,Collected,Analyst Team Bravo,2026-07-27T16:15:05Z,evidence/BID-2026-4464,Verified
BID-2026-4464-EV-0052,BID-2026-4464,Collected,Analyst Team Bravo,2026-07-27T16:15:05Z,evidence/BID-2026-4464,Verified
BID-2026-4464-EV-0053,BID-2026-4464,Collected,Analyst Team Bravo,2026-07-27T16:15:05Z,evidence/BID-2026-4464,Verified
BID-2026-4464-EV-0054,BID-2026-4464,Collected,Analyst Team Bravo,2026-07-27T16:15:05Z,evidence/BID-2026-4464,Verified
BID-2026-4464-EV-0055,BID-2026-4464,Collected,Analyst Team Bravo,2026-07-27T16:15:05Z,evidence/BID-2026-4464,Verified
BID-2026-4464-EV-0056,BID-2026-4464,Collected,Analyst Team Bravo,2026-07-27T16:15:05Z,evidence/BID-2026-4464,Verified
BID-2026-4464-EV-0057,BID-2026-4464,Collected,Analyst Team Bravo,2026-07-27T16:15:05Z,evidence/BID-2026-4464,Verified
BID-2026-4464-EV-0058,BID-2026-4464,Collected,Analyst Team Bravo,2026-07-27T16:15:05Z,evidence/BID-2026-4464,Verified
BID-2026-4464-EV-0059,BID-2026-4464,Collected,Analyst Team Bravo,2026-07-27T16:15:05Z,evidence/BID-2026-4464,Verified
BID-2026-4464-EV-0060,BID-2026-4464,Collected,Analyst Team Bravo,2026-07-27T16:15:05Z,evidence/BID-2026-4464,Verified
BID-2026-4464-EV-0061,BID-2026-4464,Collected,Analyst Team Bravo,2026-07-27T16:15:05Z,evidence/BID-2026-4464,Verified
BID-2026-4464-EV-0062,BID-2026-4464,Collected,Analyst Team Bravo,2026-07-27T16:15:05Z,evidence/BID-2026-4464,Verified
BID-2026-4464-EV-0063,BID-2026-4464,Collected,Analyst Team Bravo,2026-07-27T16:15:05Z,evidence/BID-2026-4464,Verified
BID-2026-4464-EV-0064,BID-2026-4464,Collected,Analyst Team Bravo,2026-07-27T16:15:05Z,evidence/BID-2026-4464,Verified
BID-2026-4464-EV-0065,BID-2026-4464,Collected,Analyst Team Bravo,2026-07-27T16:15:05Z,evidence/BID-2026-4464,Verified
BID-2026-4464-EV-0066,BID-2026-4464,Collected,Analyst Team Bravo,2026-07-27T16:15:05Z,evidence/BID-2026-4464,Verified
BID-2026-4464-EV-0067,BID-2026-4464,Collected,Analyst Team Bravo,2026-07-27T16:15:05Z,evidence/BID-2026-4464,Verified
BID-2026-4464-EV-0068,BID-2026-4464,Collected,Analyst Team Bravo,2026-07-27T16:15:05Z,evidence/BID-2026-4464,Verified
BID-2026-4464-EV-0069,BID-2026-4464,Collected,Analyst Team Bravo,2026-07-27T16:15:05Z,evidence/BID-2026-4464,Verified
BID-2026-4464-EV-0070,BID-2026-4464,Collected,Analyst Team Bravo,2026-07-27T16:15:05Z,evidence/BID-2026-4464,Verified
BID-2026-4464-EV-0071,BID-2026-4464,Collected,Analyst Team Bravo,2026-07-27T16:15:05Z,evidence/BID-2026-4464,Verified
BID-2026-4464-EV-0072,BID-2026-4464,Collected,Analyst Team Bravo,2026-07-27T16:15:05Z,evidence/BID-2026-4464,Verified
BID-2026-4464-EV-0073,BID-2026-4464,Collected,Analyst Team Bravo,2026-07-27T16:15:05Z,evidence/BID-2026-4464,Verified
BID-2026-4464-EV-0074,BID-2026-4464,Collected,Analyst Team Bravo,2026-07-27T16:15:05Z,evidence/BID-2026-4464,Verified
BID-2026-4464-EV-0075,BID-2026-4464,Collected,Analyst Team Bravo,2026-07-27T16:15:05Z,evidence/BID-2026-4464,Verified
BID-2026-4464-EV-0076,BID-2026-4464,Collected,Analyst Team Bravo,2026-07-27T16:15:05Z,evidence/BID-2026-4464,Verified
BID-2026-4464-EV-0077,BID-2026-4464,Collected,Analyst Team Bravo,2026-07-27T16:15:05Z,evidence/BID-2026-4464,Verified
BID-2026-4464-EV-0078,BID-2026-4464,Collected,Analyst Team Bravo,2026-07-27T16:15:05Z,evidence/BID-2026-4464,Verified
BID-2026-4464-EV-0079,BID-2026-4464,Collected,Analyst Team Bravo,2026-07-27T16:15:05Z,evidence/BID-2026-4464,Verified
BID-2026-4464-EV-0080,BID-2026-4464,Collected,Analyst Team Bravo,2026-07-27T16:15:05Z,evidence/BID-2026-4464,Verified
BID-2026-4464-EV-0081,BID-2026-4464,Collected,Analyst Team Bravo,2026-07-27T16:15:05Z,evidence/BID-2026-4464,Verified
BID-2026-4464-EV-0082,BID-2026-4464,Collected,Analyst Team Bravo,2026-07-27T16:15:05Z,evidence/BID-2026-4464,Verified
BID-2026-4464-EV-0083,BID-2026-4464,Collected,Analyst Team Bravo,2026-07-27T16:15:05Z,evidence/BID-2026-4464,Verified
BID-2026-4464-EV-0084,BID-2026-4464,Collected,Analyst Team Bravo,2026-07-27T16:15:05Z,evidence/BID-2026-4464,Verified
BID-2026-4464-EV-0085,BID-2026-4464,Collected,Analyst Team Bravo,2026-07-27T16:15:05Z,evidence/BID-2026-4464,Verified
BID-2026-4464-EV-0086,BID-2026-4464,Collected,Analyst Team Bravo,2026-07-27T16:15:05Z,evidence/BID-2026-4464,Verified
BID-2026-4464-EV-0087,BID-2026-4464,Collected,Analyst Team Bravo,2026-07-27T16:15:05Z,evidence/BID-2026-4464,Verified
BID-2026-4464-EV-0088,BID-2026-4464,Collected,Analyst Team Bravo,2026-07-27T16:15:05Z,evidence/BID-2026-4464,Verified
BID-2026-4464-EV-0089,BID-2026-4464,Collected,Analyst Team Bravo,2026-07-27T16:15:05Z,evidence/BID-2026-4464,Verified
BID-2026-4464-EV-0090,BID-2026-4464,Collected,Analyst Team Bravo,2026-07-27T16:15:05Z,evidence/BID-2026-4464,Verified
BID-2026-4464-EV-0091,BID-2026-4464,Collected,Analyst Team Bravo,2026-07-27T16:15:05Z,evidence/BID-2026-4464,Verified
BID-2026-4464-EV-0092,BID-2026-4464,Collected,Analyst Team Bravo,2026-07-27T16:15:05Z,evidence/BID-2026-4464,Verified
BID-2026-4464-EV-0093,BID-2026-4464,Collected,Analyst Team Bravo,2026-07-27T16:15:05Z,evidence/BID-2026-4464,Verified
BID-2026-4464-EV-0094,BID-2026-4464,Collected,Analyst Team Bravo,2026-07-27T16:15:05Z,evidence/BID-2026-4464,Verified
BID-2026-4464-EV-0095,BID-2026-4464,Collected,Analyst Team Bravo,2026-07-27T16:15:05Z,evidence/BID-2026-4464,Verified
BID-2026-4464-EV-0096,BID-2026-4464,Collected,Analyst Team Bravo,2026-07-27T16:15:05Z,evidence/BID-2026-4464,Verified
BID-2026-4464-EV-0097,BID-2026-4464,Collected,Analyst Team Bravo,2026-07-27T16:15:05Z,evidence/BID-2026-4464,Verified
BID-2026-4464-EV-0098,BID-2026-4464,Collected,Analyst Team Bravo,2026-07-27T16:15:05Z,evidence/BID-2026-4464,Verified
BID-2026-4464-EV-0099,BID-2026-4464,Collected,Analyst Team Bravo,2026-07-27T16:15:05Z,evidence/BID-2026-4464,Verified
BID-2026-4464-EV-0100,BID-2026-4464,Collected,Analyst Team Bravo,2026-07-27T16:15:05Z,evidence/BID-2026-4464,Verified
BID-2026-4464-EV-0101,BID-2026-4464,Collected,Analyst Team Bravo,2026-07-27T16:15:05Z,evidence/BID-2026-4464,Verified
BID-2026-4464-EV-0102,BID-2026-4464,Collected,Analyst Team Bravo,2026-07-27T16:15:05Z,evidence/BID-2026-4464,Verified
BID-2026-4464-EV-0103,BID-2026-4464,Collected,Analyst Team Bravo,2026-07-27T16:15:05Z,evidence/BID-2026-4464,Verified
BID-2026-4464-EV-0104,BID-2026-4464,Collected,Analyst Team Bravo,2026-07-27T16:15:05Z,evidence/BID-2026-4464,Verified
BID-2026-4464-EV-0105,BID-2026-4464,Collected,Analyst Team Bravo,2026-07-27T16:15:05Z,evidence/BID-2026-4464,Verified
BID-2026-4464-EV-0106,BID-2026-4464,Collected,Analyst Team Bravo,2026-07-27T16:15:05Z,evidence/BID-2026-4464,Verified
BID-2026-4464-EV-0107,BID-2026-4464,Collected,Analyst Team Bravo,2026-07-27T16:15:05Z,evidence/BID-2026-4464,Verified
BID-2026-4464-EV-0108,BID-2026-4464,Collected,Analyst Team Bravo,2026-07-27T16:15:05Z,evidence/BID-2026-4464,Verified
BID-2026-4464-EV-0109,BID-2026-4464,Collected,Analyst Team Bravo,2026-07-27T16:15:05Z,evidence/BID-2026-4464,Verified
BID-2026-4464-EV-0110,BID-2026-4464,Collected,Analyst Team Bravo,2026-07-27T16:15:05Z,evidence/BID-2026-4464,Verified
BID-2026-4464-EV-0111,BID-2026-4464,Collected,Analyst Team Bravo,2026-07-27T16:15:05Z,evidence/BID-2026-4464,Verified
BID-2026-4464-EV-0112,BID-2026-4464,Collected,Analyst Team Bravo,2026-07-27T16:15:05Z,evidence/BID-2026-4464,Verified
BID-2026-4464-EV-0113,BID-2026-4464,Collected,Analyst Team Bravo,2026-07-27T16:15:05Z,evidence/BID-2026-4464,Verified
BID-2026-4464-EV-0114,BID-2026-4464,Collected,Analyst Team Bravo,2026-07-27T16:15:05Z,evidence/BID-2026-4464,Verified
BID-2026-4464-EV-0115,BID-2026-4464,Collected,Analyst Team Bravo,2026-07-27T16:15:05Z,evidence/BID-2026-4464,Verified
BID-2026-4464-EV-0116,BID-2026-4464,Collected,Analyst Team Bravo,2026-07-27T16:15:05Z,evidence/BID-2026-4464,Verified
BID-2026-4464-EV-0117,BID-2026-4464,Collected,Analyst Team Bravo,2026-07-27T16:15:05Z,evidence/BID-2026-4464,Verified
BID-2026-4464-EV-0118,BID-2026-4464,Collected,Analyst Team Bravo,2026-07-27T16:15:05Z,evidence/BID-2026-4464,Verified
BID-2026-4464-EV-0119,BID-2026-4464,Collected,Analyst Team Bravo,2026-07-27T16:15:05Z,evidence/BID-2026-4464,Verified
BID-2026-4464-EV-0120,BID-2026-4464,Collected,Analyst Team Bravo,2026-07-27T16:15:05Z,evidence/BID-2026-4464,Verified
BID-2026-4464-EV-0121,BID-2026-4464,Collected,Analyst Team Bravo,2026-07-27T16:15:05Z,evidence/BID-2026-4464,Verified
BID-2026-4464-EV-0122,BID-2026-4464,Collected,Analyst Team Bravo,2026-07-27T16:15:05Z,evidence/BID-2026-4464,Verified
BID-2026-4464-EV-0123,BID-2026-4464,Collected,Analyst Team Bravo,2026-07-27T16:15:05Z,evidence/BID-2026-4464,Verified
BID-2026-4464-EV-0124,BID-2026-4464,Collected,Analyst Team Bravo,2026-07-27T16:15:05Z,evidence/BID-2026-4464,Verified
BID-2026-4464-EV-0125,BID-2026-4464,Collected,Analyst Team Bravo,2026-07-27T16:15:05Z,evidence/BID-2026-4464,Verified
BID-2026-4464-EV-0126,BID-2026-4464,Collected,Analyst Team Bravo,2026-07-27T16:15:05Z,evidence/BID-2026-4464,Verified
BID-2026-4464-EV-0127,BID-2026-4464,Collected,Analyst Team Bravo,2026-07-27T16:15:05Z,evidence/BID-2026-4464,Verified
BID-2026-4464-EV-0128,BID-2026-4464,Collected,Analyst Team Bravo,2026-07-27T16:15:05Z,evidence/BID-2026-4464,Verified
BID-2026-4464-EV-0129,BID-2026-4464,Collected,Analyst Team Bravo,2026-07-27T16:15:05Z,evidence/BID-2026-4464,Verified
BID-2026-4464-EV-0130,BID-2026-4464,Collected,Analyst Team Bravo,2026-07-27T16:15:05Z,evidence/BID-2026-4464,Verified
BID-2026-4464-EV-0131,BID-2026-4464,Collected,Analyst Team Bravo,2026-07-27T16:15:05Z,evidence/BID-2026-4464,Verified
BID-2026-4464-EV-0132,BID-2026-4464,Collected,Analyst Team Bravo,2026-07-27T16:15:05Z,evidence/BID-2026-4464,Verified
BID-2026-4464-EV-0133,BID-2026-4464,Collected,Analyst Team Bravo,2026-07-27T16:15:05Z,evidence/BID-2026-4464,Verified
BID-2026-4464-EV-0134,BID-2026-4464,Collected,Analyst Team Bravo,2026-07-27T16:15:05Z,evidence/BID-2026-4464,Verified
BID-2026-4464-EV-0135,BID-2026-4464,Collected,Analyst Team Bravo,2026-07-27T16:15:05Z,evidence/BID-2026-4464,Verified
BID-2026-4464-EV-0136,BID-2026-4464,Collected,Analyst Team Bravo,2026-07-27T16:15:05Z,evidence/BID-2026-4464,Verified
BID-2026-4464-EV-0137,BID-2026-4464,Collected,Analyst Team Bravo,2026-07-27T16:15:05Z,evidence/BID-2026-4464,Verified
BID-2026-4464-EV-0138,BID-2026-4464,Collected,Analyst Team Bravo,2026-07-27T16:15:05Z,evidence/BID-2026-4464,Verified
BID-2026-4464-EV-0139,BID-2026-4464,Collected,Analyst Team Bravo,2026-07-27T16:15:05Z,evidence/BID-2026-4464,Verified
BID-2026-4464-EV-0140,BID-2026-4464,Collected,Analyst Team Bravo,2026-07-27T16:15:05Z,evidence/BID-2026-4464,Verified
BID-2026-4464-EV-0141,BID-2026-4464,Collected,Analyst Team Bravo,2026-07-27T16:15:05Z,evidence/BID-2026-4464,Verified
BID-2026-4464-EV-0142,BID-2026-4464,Collected,Analyst Team Bravo,2026-07-27T16:15:05Z,evidence/BID-2026-4464,Verified
BID-2026-4464-EV-0143,BID-2026-4464,Collected,Analyst Team Bravo,2026-07-27T16:15:05Z,evidence/BID-2026-4464,Verified
BID-2026-4464-EV-0144,BID-2026-4464,Collected,Analyst Team Bravo,2026-07-27T16:15:05Z,evidence/BID-2026-4464,Verified
BID-2026-4464-EV-0145,BID-2026-4464,Collected,Analyst Team Bravo,2026-07-27T16:15:05Z,evidence/BID-2026-4464,Verified
BID-2026-4464-EV-0146,BID-2026-4464,Collected,Analyst Team Bravo,2026-07-27T16:15:05Z,evidence/BID-2026-4464,Verified
BID-2026-4464-EV-0147,BID-2026-4464,Collected,Analyst Team Bravo,2026-07-27T16:15:05Z,evidence/BID-2026-4464,Verified
BID-2026-4464-EV-0148,BID-2026-4464,Collected,Analyst Team Bravo,2026-07-27T16:15:05Z,evidence/BID-2026-4464,Verified
BID-2026-4464-EV-0149,BID-2026-4464,Collected,Analyst Team Bravo,2026-07-27T16:15:05Z,evidence/BID-2026-4464,Verified
BID-2026-4464-EV-0150,BID-2026-4464,Collected,Analyst Team Bravo,2026-07-27T16:15:05Z,evidence/BID-2026-4464,Verified
BID-2026-4464-EV-0151,BID-2026-4464,Collected,Analyst Team Bravo,2026-07-27T16:15:05Z,evidence/BID-2026-4464,Verified
BID-2026-4464-EV-0152,BID-2026-4464,Collected,Analyst Team Bravo,2026-07-27T16:15:05Z,evidence/BID-2026-4464,Verified
BID-2026-4464-EV-0153,BID-2026-4464,Collected,Analyst Team Bravo,2026-07-27T16:15:05Z,evidence/BID-2026-4464,Verified
BID-2026-4464-EV-0154,BID-2026-4464,Collected,Analyst Team Bravo,2026-07-27T16:15:05Z,evidence/BID-2026-4464,Verified
BID-2026-4464-EV-0155,BID-2026-4464,Collected,Analyst Team Bravo,2026-07-27T16:15:05Z,evidence/BID-2026-4464,Verified
BID-2026-4464-EV-0156,BID-2026-4464,Collected,Analyst Team Bravo,2026-07-27T16:15:05Z,evidence/BID-2026-4464,Verified
BID-2026-4464-EV-0157,BID-2026-4464,Collected,Analyst Team Bravo,2026-07-27T16:15:05Z,evidence/BID-2026-4464,Verified
BID-2026-4464-EV-0158,BID-2026-4464,Collected,Analyst Team Bravo,2026-07-27T16:15:05Z,evidence/BID-2026-4464,Verified
BID-2026-4464-EV-0159,BID-2026-4464,Collected,Analyst Team Bravo,2026-07-27T16:15:05Z,evidence/BID-2026-4464,Verified
BID-2026-4464-EV-0160,BID-2026-4464,Collected,Analyst Team Bravo,2026-07-27T16:15:05Z,evidence/BID-2026-4464,Verified
BID-2026-4464-EV-0161,BID-2026-4464,Collected,Analyst Team Bravo,2026-07-27T16:15:05Z,evidence/BID-2026-4464,Verified
BID-2026-4464-EV-0162,BID-2026-4464,Collected,Analyst Team Bravo,2026-07-27T16:15:05Z,evidence/BID-2026-4464,Verified
BID-2026-4464-EV-0163,BID-2026-4464,Collected,Analyst Team Bravo,2026-07-27T16:15:05Z,evidence/BID-2026-4464,Verified
BID-2026-4464-EV-0164,BID-2026-4464,Collected,Analyst Team Bravo,2026-07-27T16:15:05Z,evidence/BID-2026-4464,Verified
BID-2026-4464-EV-0165,BID-2026-4464,Collected,Analyst Team Bravo,2026-07-27T16:15:05Z,evidence/BID-2026-4464,Verified
BID-2026-4464-EV-0166,BID-2026-4464,Collected,Analyst Team Bravo,2026-07-27T16:15:05Z,evidence/BID-2026-4464,Verified
BID-2026-4464-EV-0167,BID-2026-4464,Collected,Analyst Team Bravo,2026-07-27T16:15:05Z,evidence/BID-2026-4464,Verified
BID-2026-4464-EV-0168,BID-2026-4464,Collected,Analyst Team Bravo,2026-07-27T16:15:05Z,evidence/BID-2026-4464,Verified
BID-2026-4464-EV-0169,BID-2026-4464,Collected,Analyst Team Bravo,2026-07-27T16:15:05Z,evidence/BID-2026-4464,Verified
BID-2026-4464-EV-0170,BID-2026-4464,Collected,Analyst Team Bravo,2026-07-27T16:15:05Z,evidence/BID-2026-4464,Verified
BID-2026-4464-EV-0171,BID-2026-4464,Collected,Analyst Team Bravo,2026-07-27T16:15:05Z,evidence/BID-2026-4464,Verified
BID-2026-4464-EV-0172,BID-2026-4464,Collected,Analyst Team Bravo,2026-07-27T16:15:05Z,evidence/BID-2026-4464,Verified
BID-2026-4464-EV-0173,BID-2026-4464,Collected,Analyst Team Bravo,2026-07-27T16:15:05Z,evidence/BID-2026-4464,Verified
BID-2026-4464-EV-0174,BID-2026-4464,Collected,Analyst Team Bravo,2026-07-27T16:15:05Z,evidence/BID-2026-4464,Verified
BID-2026-4464-EV-0175,BID-2026-4464,Collected,Analyst Team Bravo,2026-07-27T16:15:05Z,evidence/BID-2026-4464,Verified
BID-2026-4464-EV-0176,BID-2026-4464,Collected,Analyst Team Bravo,2026-07-27T16:15:05Z,evidence/BID-2026-4464,Verified
BID-2026-4464-EV-0177,BID-2026-4464,Collected,Analyst Team Bravo,2026-07-27T16:15:05Z,evidence/BID-2026-4464,Verified
BID-2026-4464-EV-0178,BID-2026-4464,Collected,Analyst Team Bravo,2026-07-27T16:15:05Z,evidence/BID-2026-4464,Verified
BID-2026-4464-EV-0179,BID-2026-4464,Collected,Analyst Team Bravo,2026-07-27T16:15:05Z,evidence/BID-2026-4464,Verified
BID-2026-4464-EV-0180,BID-2026-4464,Collected,Analyst Team Bravo,2026-07-27T16:15:05Z,evidence/BID-2026-4464,Verified
BID-2026-4464-EV-0181,BID-2026-4464,Collected,Analyst Team Bravo,2026-07-27T16:15:05Z,evidence/BID-2026-4464,Verified
BID-2026-4464-EV-0182,BID-2026-4464,Collected,Analyst Team Bravo,2026-07-27T16:15:05Z,evidence/BID-2026-4464,Verified
BID-2026-4464-EV-0183,BID-2026-4464,Collected,Analyst Team Bravo,2026-07-27T16:15:05Z,evidence/BID-2026-4464,Verified
BID-2026-4464-EV-0184,BID-2026-4464,Collected,Analyst Team Bravo,2026-07-27T16:15:05Z,evidence/BID-2026-4464,Verified
BID-2026-4464-EV-0185,BID-2026-4464,Collected,Analyst Team Bravo,2026-07-27T16:15:05Z,evidence/BID-2026-4464,Verified
BID-2026-4464-EV-0186,BID-2026-4464,Collected,Analyst Team Bravo,2026-07-27T16:15:05Z,evidence/BID-2026-4464,Verified
BID-2026-4464-EV-0187,BID-2026-4464,Collected,Analyst Team Bravo,2026-07-27T16:15:05Z,evidence/BID-2026-4464,Verified
BID-2026-4464-EV-0188,BID-2026-4464,Collected,Analyst Team Bravo,2026-07-27T16:15:05Z,evidence/BID-2026-4464,Verified
BID-2026-4464-EV-0189,BID-2026-4464,Collected,Analyst Team Bravo,2026-07-27T16:15:05Z,evidence/BID-2026-4464,Verified
BID-2026-4464-EV-0190,BID-2026-4464,Collected,Analyst Team Bravo,2026-07-27T16:15:05Z,evidence/BID-2026-4464,Verified
BID-2026-4464-EV-0191,BID-2026-4464,Collected,Analyst Team Bravo,2026-07-27T16:15:05Z,evidence/BID-2026-4464,Verified
BID-2026-4464-EV-0192,BID-2026-4464,Collected,Analyst Team Bravo,2026-07-27T16:15:05Z,evidence/BID-2026-4464,Verified
BID-2026-4464-EV-0193,BID-2026-4464,Collected,Analyst Team Bravo,2026-07-27T16:15:05Z,evidence/BID-2026-4464,Verified
BID-2026-4464-EV-0194,BID-2026-4464,Collected,Analyst Team Bravo,2026-07-27T16:15:05Z,evidence/BID-2026-4464,Verified
BID-2026-4464-EV-0195,BID-2026-4464,Collected,Analyst Team Bravo,2026-07-27T16:15:05Z,evidence/BID-2026-4464,Verified
BID-2026-4464-EV-0196,BID-2026-4464,Collected,Analyst Team Bravo,2026-07-27T16:15:05Z,evidence/BID-2026-4464,Verified
BID-2026-4464-EV-0197,BID-2026-4464,Collected,Analyst Team Bravo,2026-07-27T16:15:05Z,evidence/BID-2026-4464,Verified
BID-2026-4464-EV-0198,BID-2026-4464,Collected,Analyst Team Bravo,2026-07-27T16:15:05Z,evidence/BID-2026-4464,Verified
BID-2026-4464-EV-0199,BID-2026-4464,Collected,Analyst Team Bravo,2026-07-27T16:15:05Z,evidence/BID-2026-4464,Verified
BID-2026-4464-EV-0200,BID-2026-4464,Collected,Analyst Team Bravo,2026-07-27T16:15:05Z,evidence/BID-2026-4464,Verified
BID-2026-4464-EV-0201,BID-2026-4464,Collected,Analyst Team Bravo,2026-07-27T16:15:05Z,evidence/BID-2026-4464,Verified
BID-2026-4464-EV-0202,BID-2026-4464,Collected,Analyst Team Bravo,2026-07-27T16:15:05Z,evidence/BID-2026-4464,Verified
BID-2026-4464-EV-0203,BID-2026-4464,Collected,Analyst Team Bravo,2026-07-27T16:15:05Z,evidence/BID-2026-4464,Verified
BID-2026-4464-EV-0204,BID-2026-4464,Collected,Analyst Team Bravo,2026-07-27T16:15:05Z,evidence/BID-2026-4464,Verified
BID-2026-4464-EV-0205,BID-2026-4464,Collected,Analyst Team Bravo,2026-07-27T16:15:05Z,evidence/BID-2026-4464,Verified
BID-2026-4464-EV-0206,BID-2026-4464,Collected,Analyst Team Bravo,2026-07-27T16:15:05Z,evidence/BID-2026-4464,Verified
BID-2026-4464-EV-0207,BID-2026-4464,Collected,Analyst Team Bravo,2026-07-27T16:15:05Z,evidence/BID-2026-4464,Verified
BID-2026-4464-EV-0208,BID-2026-4464,Collected,Analyst Team Bravo,2026-07-27T16:15:05Z,evidence/BID-2026-4464,Verified
BID-2026-4464-EV-0209,BID-2026-4464,Collected,Analyst Team Bravo,2026-07-27T16:15:05Z,evidence/BID-2026-4464,Verified
BID-2026-4464-EV-0210,BID-2026-4464,Collected,Analyst Team Bravo,2026-07-27T16:15:05Z,evidence/BID-2026-4464,Verified
BID-2026-4464-EV-0211,BID-2026-4464,Collected,Analyst Team Bravo,2026-07-27T16:15:05Z,evidence/BID-2026-4464,Verified
BID-2026-4464-EV-0212,BID-2026-4464,Collected,Analyst Team Bravo,2026-07-27T16:15:05Z,evidence/BID-2026-4464,Verified
BID-2026-4464-EV-0213,BID-2026-4464,Collected,Analyst Team Bravo,2026-07-27T16:15:05Z,evidence/BID-2026-4464,Verified
BID-2026-4464-EV-0214,BID-2026-4464,Collected,Analyst Team Bravo,2026-07-27T16:15:05Z,evidence/BID-2026-4464,Verified
BID-2026-4464-EV-0215,BID-2026-4464,Collected,Analyst Team Bravo,2026-07-27T16:15:05Z,evidence/BID-2026-4464,Verified
BID-2026-4464-EV-0216,BID-2026-4464,Collected,Analyst Team Bravo,2026-07-27T16:15:05Z,evidence/BID-2026-4464,Verified
BID-2026-4464-EV-0217,BID-2026-4464,Collected,Analyst Team Bravo,2026-07-27T16:15:05Z,evidence/BID-2026-4464,Verified
BID-2026-4464-EV-0218,BID-2026-4464,Collected,Analyst Team Bravo,2026-07-27T16:15:05Z,evidence/BID-2026-4464,Verified
BID-2026-4464-EV-0219,BID-2026-4464,Collected,Analyst Team Bravo,2026-07-27T16:15:05Z,evidence/BID-2026-4464,Verified
BID-2026-4464-EV-0220,BID-2026-4464,Collected,Analyst Team Bravo,2026-07-27T16:15:05Z,evidence/BID-2026-4464,Verified
BID-2026-4464-EV-0221,BID-2026-4464,Collected,Analyst Team Bravo,2026-07-27T16:15:05Z,evidence/BID-2026-4464,Verified
BID-2026-4464-EV-0222,BID-2026-4464,Collected,Analyst Team Bravo,2026-07-27T16:15:05Z,evidence/BID-2026-4464,Verified
BID-2026-4464-EV-0223,BID-2026-4464,Collected,Analyst Team Bravo,2026-07-27T16:15:05Z,evidence/BID-2026-4464,Verified
BID-2026-4464-EV-0224,BID-2026-4464,Collected,Analyst Team Bravo,2026-07-27T16:15:05Z,evidence/BID-2026-4464,Verified
BID-2026-4464-EV-0225,BID-2026-4464,Collected,Analyst Team Bravo,2026-07-27T16:15:05Z,evidence/BID-2026-4464,Verified
BID-2026-4464-EV-0226,BID-2026-4464,Collected,Analyst Team Bravo,2026-07-27T16:15:05Z,evidence/BID-2026-4464,Verified
BID-2026-4464-EV-0227,BID-2026-4464,Collected,Analyst Team Bravo,2026-07-27T16:15:05Z,evidence/BID-2026-4464,Verified
BID-2026-4464-EV-0228,BID-2026-4464,Collected,Analyst Team Bravo,2026-07-27T16:15:05Z,evidence/BID-2026-4464,Verified
BID-2026-4464-EV-0229,BID-2026-4464,Collected,Analyst Team Bravo,2026-07-27T16:15:05Z,evidence/BID-2026-4464,Verified
BID-2026-4464-EV-0230,BID-2026-4464,Collected,Analyst Team Bravo,2026-07-27T16:15:05Z,evidence/BID-2026-4464,Verified
BID-2026-4464-EV-0231,BID-2026-4464,Collected,Analyst Team Bravo,2026-07-27T16:15:05Z,evidence/BID-2026-4464,Verified
BID-2026-4464-EV-0232,BID-2026-4464,Collected,Analyst Team Bravo,2026-07-27T16:15:05Z,evidence/BID-2026-4464,Verified
BID-2026-4464-EV-0233,BID-2026-4464,Collected,Analyst Team Bravo,2026-07-27T16:15:05Z,evidence/BID-2026-4464,Verified
BID-2026-4464-EV-0234,BID-2026-4464,Collected,Analyst Team Bravo,2026-07-27T16:15:05Z,evidence/BID-2026-4464,Verified
BID-2026-4464-EV-0235,BID-2026-4464,Collected,Analyst Team Bravo,2026-07-27T16:15:05Z,evidence/BID-2026-4464,Verified
BID-2026-4464-EV-0236,BID-2026-4464,Collected,Analyst Team Bravo,2026-07-27T16:15:05Z,evidence/BID-2026-4464,Verified
BID-2026-4464-EV-0237,BID-2026-4464,Collected,Analyst Team Bravo,2026-07-27T16:15:05Z,evidence/BID-2026-4464,Verified
BID-2026-4464-EV-0238,BID-2026-4464,Collected,Analyst Team Bravo,2026-07-27T16:15:05Z,evidence/BID-2026-4464,Verified
BID-2026-4464-EV-0239,BID-2026-4464,Collected,Analyst Team Bravo,2026-07-27T16:15:05Z,evidence/BID-2026-4464,Verified
BID-2026-4464-EV-0240,BID-2026-4464,Collected,Analyst Team Bravo,2026-07-27T16:15:05Z,evidence/BID-2026-4464,Verified
BID-2026-4464-EV-0241,BID-2026-4464,Collected,Analyst Team Bravo,2026-07-27T16:15:05Z,evidence/BID-2026-4464,Verified
BID-2026-4464-EV-0242,BID-2026-4464,Collected,Analyst Team Bravo,2026-07-27T16:15:05Z,evidence/BID-2026-4464,Verified
BID-2026-4464-EV-0243,BID-2026-4464,Collected,Analyst Team Bravo,2026-07-27T16:15:05Z,evidence/BID-2026-4464,Verified
BID-2026-4464-EV-0244,BID-2026-4464,Collected,Analyst Team Bravo,2026-07-27T16:15:05Z,evidence/BID-2026-4464,Verified
BID-2026-4464-EV-0245,BID-2026-4464,Collected,Analyst Team Bravo,2026-07-27T16:15:05Z,evidence/BID-2026-4464,Verified
BID-2026-4464-EV-0246,BID-2026-4464,Collected,Analyst Team Bravo,2026-07-27T16:15:05Z,evidence/BID-2026-4464,Verified
BID-2026-4464-EV-0247,BID-2026-4464,Collected,Analyst Team Bravo,2026-07-27T16:15:05Z,evidence/BID-2026-4464,Verified
BID-2026-4464-EV-0248,BID-2026-4464,Collected,Analyst Team Bravo,2026-07-27T16:15:05Z,evidence/BID-2026-4464,Verified
BID-2026-4464-EV-0249,BID-2026-4464,Collected,Analyst Team Bravo,2026-07-27T16:15:05Z,evidence/BID-2026-4464,Verified
BID-2026-4464-EV-0250,BID-2026-4464,Collected,Analyst Team Bravo,2026-07-27T16:15:05Z,evidence/BID-2026-4464,Verified
BID-2026-4464-EV-0251,BID-2026-4464,Collected,Analyst Team Bravo,2026-07-27T16:15:05Z,evidence/BID-2026-4464,Verified
BID-2026-4464-EV-0252,BID-2026-4464,Collected,Analyst Team Bravo,2026-07-27T16:15:05Z,evidence/BID-2026-4464,Verified
BID-2026-4464-EV-0253,BID-2026-4464,Collected,Analyst Team Bravo,2026-07-27T16:15:05Z,evidence/BID-2026-4464,Verified
BID-2026-4464-EV-0254,BID-2026-4464,Collected,Analyst Team Bravo,2026-07-27T16:15:05Z,evidence/BID-2026-4464,Verified
BID-2026-4464-EV-0255,BID-2026-4464,Collected,Analyst Team Bravo,2026-07-27T16:15:05Z,evidence/BID-2026-4464,Verified
BID-2026-4464-EV-0256,BID-2026-4464,Collected,Analyst Team Bravo,2026-07-27T16:15:05Z,evidence/BID-2026-4464,Verified
BID-2026-4464-EV-0257,BID-2026-4464,Collected,Analyst Team Bravo,2026-07-27T16:15:05Z,evidence/BID-2026-4464,Verified
BID-2026-4464-EV-0258,BID-2026-4464,Collected,Analyst Team Bravo,2026-07-27T16:15:05Z,evidence/BID-2026-4464,Verified
BID-2026-4464-EV-0259,BID-2026-4464,Collected,Analyst Team Bravo,2026-07-27T16:15:05Z,evidence/BID-2026-4464,Verified
BID-2026-4464-EV-0260,BID-2026-4464,Collected,Analyst Team Bravo,2026-07-27T16:15:05Z,evidence/BID-2026-4464,Verified
BID-2026-4464-EV-0261,BID-2026-4464,Collected,Analyst Team Bravo,2026-07-27T16:15:05Z,evidence/BID-2026-4464,Verified
BID-2026-4464-EV-0262,BID-2026-4464,Collected,Analyst Team Bravo,2026-07-27T16:15:05Z,evidence/BID-2026-4464,Verified
BID-2026-4464-EV-0263,BID-2026-4464,Collected,Analyst Team Bravo,2026-07-27T16:15:05Z,evidence/BID-2026-4464,Verified
BID-2026-4464-EV-0264,BID-2026-4464,Collected,Analyst Team Bravo,2026-07-27T16:15:05Z,evidence/BID-2026-4464,Verified
BID-2026-4464-EV-0265,BID-2026-4464,Collected,Analyst Team Bravo,2026-07-27T16:15:05Z,evidence/BID-2026-4464,Verified
BID-2026-4464-EV-0266,BID-2026-4464,Collected,Analyst Team Bravo,2026-07-27T16:15:05Z,evidence/BID-2026-4464,Verified
BID-2026-4464-EV-0267,BID-2026-4464,Collected,Analyst Team Bravo,2026-07-27T16:15:05Z,evidence/BID-2026-4464,Verified
BID-2026-4464-EV-0268,BID-2026-4464,Collected,Analyst Team Bravo,2026-07-27T16:15:05Z,evidence/BID-2026-4464,Verified
BID-2026-4464-EV-0269,BID-2026-4464,Collected,Analyst Team Bravo,2026-07-27T16:15:05Z,evidence/BID-2026-4464,Verified
BID-2026-4464-EV-0270,BID-2026-4464,Collected,Analyst Team Bravo,2026-07-27T16:15:05Z,evidence/BID-2026-4464,Verified
BID-2026-4464-EV-0271,BID-2026-4464,Collected,Analyst Team Bravo,2026-07-27T16:15:05Z,evidence/BID-2026-4464,Verified
BID-2026-4464-EV-0272,BID-2026-4464,Collected,Analyst Team Bravo,2026-07-27T16:15:05Z,evidence/BID-2026-4464,Verified
BID-2026-4464-EV-0273,BID-2026-4464,Collected,Analyst Team Bravo,2026-07-27T16:15:05Z,evidence/BID-2026-4464,Verified
BID-2026-4464-EV-0274,BID-2026-4464,Collected,Analyst Team Bravo,2026-07-27T16:15:05Z,evidence/BID-2026-4464,Verified
BID-2026-4464-EV-0275,BID-2026-4464,Collected,Analyst Team Bravo,2026-07-27T16:15:05Z,evidence/BID-2026-4464,Verified
BID-2026-4464-EV-0276,BID-2026-4464,Collected,Analyst Team Bravo,2026-07-27T16:15:05Z,evidence/BID-2026-4464,Verified
BID-2026-4464-EV-0277,BID-2026-4464,Collected,Analyst Team Bravo,2026-07-27T16:15:05Z,evidence/BID-2026-4464,Verified
BID-2026-4464-EV-0278,BID-2026-4464,Collected,Analyst Team Bravo,2026-07-27T16:15:05Z,evidence/BID-2026-4464,Verified
BID-2026-4464-EV-0279,BID-2026-4464,Collected,Analyst Team Bravo,2026-07-27T16:15:05Z,evidence/BID-2026-4464,Verified
BID-2026-4464-EV-0280,BID-2026-4464,Collected,Analyst Team Bravo,2026-07-27T16:15:05Z,evidence/BID-2026-4464,Verified
BID-2026-4464-EV-0281,BID-2026-4464,Collected,Analyst Team Bravo,2026-07-27T16:15:05Z,evidence/BID-2026-4464,Verified
BID-2026-4464-EV-0282,BID-2026-4464,Collected,Analyst Team Bravo,2026-07-27T16:15:05Z,evidence/BID-2026-4464,Verified
BID-2026-4464-EV-0283,BID-2026-4464,Collected,Analyst Team Bravo,2026-07-27T16:15:05Z,evidence/BID-2026-4464,Verified
BID-2026-4464-EV-0284,BID-2026-4464,Collected,Analyst Team Bravo,2026-07-27T16:15:05Z,evidence/BID-2026-4464,Verified
BID-2026-4464-EV-0285,BID-2026-4464,Collected,Analyst Team Bravo,2026-07-27T16:15:05Z,evidence/BID-2026-4464,Verified
BID-2026-4464-EV-0286,BID-2026-4464,Collected,Analyst Team Bravo,2026-07-27T16:15:05Z,evidence/BID-2026-4464,Verified
BID-2026-4464-EV-0287,BID-2026-4464,Collected,Analyst Team Bravo,2026-07-27T16:15:05Z,evidence/BID-2026-4464,Verified
BID-2026-4464-EV-0288,BID-2026-4464,Collected,Analyst Team Bravo,2026-07-27T16:15:05Z,evidence/BID-2026-4464,Verified
BID-2026-4464-EV-0289,BID-2026-4464,Collected,Analyst Team Bravo,2026-07-27T16:15:05Z,evidence/BID-2026-4464,Verified
BID-2026-4464-EV-0290,BID-2026-4464,Collected,Analyst Team Bravo,2026-07-27T16:15:05Z,evidence/BID-2026-4464,Verified
BID-2026-4464-EV-0291,BID-2026-4464,Collected,Analyst Team Bravo,2026-07-27T16:15:05Z,evidence/BID-2026-4464,Verified
BID-2026-4464-EV-0292,BID-2026-4464,Collected,Analyst Team Bravo,2026-07-27T16:15:05Z,evidence/BID-2026-4464,Verified
BID-2026-4464-EV-0293,BID-2026-4464,Collected,Analyst Team Bravo,2026-07-27T16:15:05Z,evidence/BID-2026-4464,Verified
BID-2026-4464-EV-0294,BID-2026-4464,Collected,Analyst Team Bravo,2026-07-27T16:15:05Z,evidence/BID-2026-4464,Verified
BID-2026-4464-EV-0295,BID-2026-4464,Collected,Analyst Team Bravo,2026-07-27T16:15:05Z,evidence/BID-2026-4464,Verified
BID-2026-4464-EV-0296,BID-2026-4464,Collected,Analyst Team Bravo,2026-07-27T16:15:05Z,evidence/BID-2026-4464,Verified
BID-2026-4464-EV-0297,BID-2026-4464,Collected,Analyst Team Bravo,2026-07-27T16:15:05Z,evidence/BID-2026-4464,Verified
BID-2026-4464-EV-0298,BID-2026-4464,Collected,Analyst Team Bravo,2026-07-27T16:15:05Z,evidence/BID-2026-4464,Verified
BID-2026-4464-EV-0299,BID-2026-4464,Collected,Analyst Team Bravo,2026-07-27T16:15:05Z,evidence/BID-2026-4464,Verified
BID-2026-4464-EV-0300,BID-2026-4464,Collected,Analyst Team Bravo,2026-07-27T16:15:05Z,evidence/BID-2026-4464,Verified
BID-2026-4464-EV-0301,BID-2026-4464,Collected,Analyst Team Bravo,2026-07-27T16:15:05Z,evidence/BID-2026-4464,Verified
BID-2026-4464-EV-0302,BID-2026-4464,Collected,Analyst Team Bravo,2026-07-27T16:15:05Z,evidence/BID-2026-4464,Verified
BID-2026-4464-EV-0303,BID-2026-4464,Collected,Analyst Team Bravo,2026-07-27T16:15:05Z,evidence/BID-2026-4464,Verified
BID-2026-4464-EV-0304,BID-2026-4464,Collected,Analyst Team Bravo,2026-07-27T16:15:05Z,evidence/BID-2026-4464,Verified
BID-2026-4464-EV-0305,BID-2026-4464,Collected,Analyst Team Bravo,2026-07-27T16:15:05Z,evidence/BID-2026-4464,Verified
BID-2026-4464-EV-0306,BID-2026-4464,Collected,Analyst Team Bravo,2026-07-27T16:15:05Z,evidence/BID-2026-4464,Verified
BID-2026-4464-EV-0307,BID-2026-4464,Collected,Analyst Team Bravo,2026-07-27T16:15:05Z,evidence/BID-2026-4464,Verified
BID-2026-4464-EV-0308,BID-2026-4464,Collected,Analyst Team Bravo,2026-07-27T16:15:05Z,evidence/BID-2026-4464,Verified
BID-2026-4464-EV-0309,BID-2026-4464,Collected,Analyst Team Bravo,2026-07-27T16:15:05Z,evidence/BID-2026-4464,Verified
BID-2026-4464-EV-0310,BID-2026-4464,Collected,Analyst Team Bravo,2026-07-27T16:15:05Z,evidence/BID-2026-4464,Verified
BID-2026-4464-EV-0311,BID-2026-4464,Collected,Analyst Team Bravo,2026-07-27T16:15:05Z,evidence/BID-2026-4464,Verified
BID-2026-4464-EV-0312,BID-2026-4464,Collected,Analyst Team Bravo,2026-07-27T16:15:05Z,evidence/BID-2026-4464,Verified
BID-2026-4464-EV-0313,BID-2026-4464,Collected,Analyst Team Bravo,2026-07-27T16:15:05Z,evidence/BID-2026-4464,Verified
BID-2026-4464-EV-0314,BID-2026-4464,Collected,Analyst Team Bravo,2026-07-27T16:15:05Z,evidence/BID-2026-4464,Verified
BID-2026-4464-EV-0315,BID-2026-4464,Collected,Analyst Team Bravo,2026-07-27T16:15:05Z,evidence/BID-2026-4464,Verified
BID-2026-4464-EV-0316,BID-2026-4464,Collected,Analyst Team Bravo,2026-07-27T16:15:05Z,evidence/BID-2026-4464,Verified
BID-2026-4464-EV-0317,BID-2026-4464,Collected,Analyst Team Bravo,2026-07-27T16:15:05Z,evidence/BID-2026-4464,Verified
BID-2026-4464-EV-0318,BID-2026-4464,Collected,Analyst Team Bravo,2026-07-27T16:15:05Z,evidence/BID-2026-4464,Verified
BID-2026-4464-EV-0319,BID-2026-4464,Collected,Analyst Team Bravo,2026-07-27T16:15:05Z,evidence/BID-2026-4464,Verified
BID-2026-4464-EV-0320,BID-2026-4464,Collected,Analyst Team Bravo,2026-07-27T16:15:05Z,evidence/BID-2026-4464,Verified
BID-2026-4464-EV-0321,BID-2026-4464,Collected,Analyst Team Bravo,2026-07-27T16:15:05Z,evidence/BID-2026-4464,Verified
BID-2026-4464-EV-0322,BID-2026-4464,Collected,Analyst Team Bravo,2026-07-27T16:15:05Z,evidence/BID-2026-4464,Verified
BID-2026-4464-EV-0323,BID-2026-4464,Collected,Analyst Team Bravo,2026-07-27T16:15:05Z,evidence/BID-2026-4464,Verified
BID-2026-4464-EV-0324,BID-2026-4464,Collected,Analyst Team Bravo,2026-07-27T16:15:05Z,evidence/BID-2026-4464,Verified
BID-2026-4464-EV-0325,BID-2026-4464,Collected,Analyst Team Bravo,2026-07-27T16:15:05Z,evidence/BID-2026-4464,Verified
BID-2026-4464-EV-0326,BID-2026-4464,Collected,Analyst Team Bravo,2026-07-27T16:15:05Z,evidence/BID-2026-4464,Verified
BID-2026-4464-EV-0327,BID-2026-4464,Collected,Analyst Team Bravo,2026-07-27T16:15:05Z,evidence/BID-2026-4464,Verified
BID-2026-4464-EV-0328,BID-2026-4464,Collected,Analyst Team Bravo,2026-07-27T16:15:05Z,evidence/BID-2026-4464,Verified
BID-2026-4464-EV-0329,BID-2026-4464,Collected,Analyst Team Bravo,2026-07-27T16:15:05Z,evidence/BID-2026-4464,Verified
BID-2026-4464-EV-0330,BID-2026-4464,Collected,Analyst Team Bravo,2026-07-27T16:15:05Z,evidence/BID-2026-4464,Verified
BID-2026-4464-EV-0331,BID-2026-4464,Collected,Analyst Team Bravo,2026-07-27T16:15:05Z,evidence/BID-2026-4464,Verified
BID-2026-4464-EV-0332,BID-2026-4464,Collected,Analyst Team Bravo,2026-07-27T16:15:05Z,evidence/BID-2026-4464,Verified
BID-2026-4464-EV-0333,BID-2026-4464,Collected,Analyst Team Bravo,2026-07-27T16:15:05Z,evidence/BID-2026-4464,Verified
BID-2026-4464-EV-0334,BID-2026-4464,Collected,Analyst Team Bravo,2026-07-27T16:15:05Z,evidence/BID-2026-4464,Verified
BID-2026-4464-EV-0335,BID-2026-4464,Collected,Analyst Team Bravo,2026-07-27T16:15:05Z,evidence/BID-2026-4464,Verified
BID-2026-4464-EV-0336,BID-2026-4464,Collected,Analyst Team Bravo,2026-07-27T16:15:05Z,evidence/BID-2026-4464,Verified
BID-2026-4464-EV-0337,BID-2026-4464,Collected,Analyst Team Bravo,2026-07-27T16:15:05Z,evidence/BID-2026-4464,Verified
BID-2026-4464-EV-0338,BID-2026-4464,Collected,Analyst Team Bravo,2026-07-27T16:15:05Z,evidence/BID-2026-4464,Verified
BID-2026-4464-EV-0339,BID-2026-4464,Collected,Analyst Team Bravo,2026-07-27T16:15:05Z,evidence/BID-2026-4464,Verified
BID-2026-4464-EV-0340,BID-2026-4464,Collected,Analyst Team Bravo,2026-07-27T16:15:05Z,evidence/BID-2026-4464,Verified
BID-2026-4464-EV-0341,BID-2026-4464,Collected,Analyst Team Bravo,2026-07-27T16:15:05Z,evidence/BID-2026-4464,Verified
BID-2026-4464-EV-0342,BID-2026-4464,Collected,Analyst Team Bravo,2026-07-27T16:15:05Z,evidence/BID-2026-4464,Verified
BID-2026-4464-EV-0343,BID-2026-4464,Collected,Analyst Team Bravo,2026-07-27T16:15:05Z,evidence/BID-2026-4464,Verified
BID-2026-4464-EV-0344,BID-2026-4464,Collected,Analyst Team Bravo,2026-07-27T16:15:05Z,evidence/BID-2026-4464,Verified
BID-2026-4464-EV-0345,BID-2026-4464,Collected,Analyst Team Bravo,2026-07-27T16:15:05Z,evidence/BID-2026-4464,Verified
BID-2026-4464-EV-0346,BID-2026-4464,Collected,Analyst Team Bravo,2026-07-27T16:15:05Z,evidence/BID-2026-4464,Verified
BID-2026-4464-EV-0347,BID-2026-4464,Collected,Analyst Team Bravo,2026-07-27T16:15:05Z,evidence/BID-2026-4464,Verified
BID-2026-4464-EV-0348,BID-2026-4464,Collected,Analyst Team Bravo,2026-07-27T16:15:05Z,evidence/BID-2026-4464,Verified
BID-2026-4464-EV-0349,BID-2026-4464,Collected,Analyst Team Bravo,2026-07-27T16:15:05Z,evidence/BID-2026-4464,Verified
BID-2026-4464-EV-0350,BID-2026-4464,Collected,Analyst Team Bravo,2026-07-27T16:15:05Z,evidence/BID-2026-4464,Verified
BID-2026-4464-EV-0351,BID-2026-4464,Collected,Analyst Team Bravo,2026-07-27T16:15:05Z,evidence/BID-2026-4464,Verified
BID-2026-4464-EV-0352,BID-2026-4464,Collected,Analyst Team Bravo,2026-07-27T16:15:05Z,evidence/BID-2026-4464,Verified
BID-2026-4464-EV-0353,BID-2026-4464,Collected,Analyst Team Bravo,2026-07-27T16:15:05Z,evidence/BID-2026-4464,Verified
BID-2026-4464-EV-0354,BID-2026-4464,Collected,Analyst Team Bravo,2026-07-27T16:15:05Z,evidence/BID-2026-4464,Verified
BID-2026-4464-EV-0355,BID-2026-4464,Collected,Analyst Team Bravo,2026-07-27T16:15:05Z,evidence/BID-2026-4464,Verified
BID-2026-4464-EV-0356,BID-2026-4464,Collected,Analyst Team Bravo,2026-07-27T16:15:05Z,evidence/BID-2026-4464,Verified
BID-2026-4464-EV-0357,BID-2026-4464,Collected,Analyst Team Bravo,2026-07-27T16:15:05Z,evidence/BID-2026-4464,Verified
BID-2026-4464-EV-0358,BID-2026-4464,Collected,Analyst Team Bravo,2026-07-27T16:15:05Z,evidence/BID-2026-4464,Verified
BID-2026-4464-EV-0359,BID-2026-4464,Collected,Analyst Team Bravo,2026-07-27T16:15:05Z,evidence/BID-2026-4464,Verified
BID-2026-4464-EV-0360,BID-2026-4464,Collected,Analyst Team Bravo,2026-07-27T16:15:05Z,evidence/BID-2026-4464,Verified
BID-2026-4464-EV-0361,BID-2026-4464,Collected,Analyst Team Bravo,2026-07-27T16:15:05Z,evidence/BID-2026-4464,Verified
BID-2026-4464-EV-0362,BID-2026-4464,Collected,Analyst Team Bravo,2026-07-27T16:15:05Z,evidence/BID-2026-4464,Verified
BID-2026-4464-EV-0363,BID-2026-4464,Collected,Analyst Team Bravo,2026-07-27T16:15:05Z,evidence/BID-2026-4464,Verified
BID-2026-4464-EV-0364,BID-2026-4464,Collected,Analyst Team Bravo,2026-07-27T16:15:05Z,evidence/BID-2026-4464,Verified
BID-2026-4464-EV-0365,BID-2026-4464,Collected,Analyst Team Bravo,2026-07-27T16:15:05Z,evidence/BID-2026-4464,Verified
BID-2026-4464-EV-0366,BID-2026-4464,Collected,Analyst Team Bravo,2026-07-27T16:15:05Z,evidence/BID-2026-4464,Verified
BID-2026-4464-EV-0367,BID-2026-4464,Collected,Analyst Team Bravo,2026-07-27T16:15:05Z,evidence/BID-2026-4464,Verified
BID-2026-4464-EV-0368,BID-2026-4464,Collected,Analyst Team Bravo,2026-07-27T16:15:05Z,evidence/BID-2026-4464,Verified
BID-2026-4464-EV-0369,BID-2026-4464,Collected,Analyst Team Bravo,2026-07-27T16:15:05Z,evidence/BID-2026-4464,Verified
BID-2026-4464-EV-0370,BID-2026-4464,Collected,Analyst Team Bravo,2026-07-27T16:15:05Z,evidence/BID-2026-4464,Verified
BID-2026-4464-EV-0371,BID-2026-4464,Collected,Analyst Team Bravo,2026-07-27T16:15:05Z,evidence/BID-2026-4464,Verified
