EvidenceID,Date,CaseID,ArtifactType,Description,Operation,Classification,Platform,Device,CollectedBy,Status,SchemaVersion
EV-0001,2026-06-16,FSE-2026-4571,Boot Artifact,Indicators warrant continued monitoring and forensic review.,,,,,,,2
EV-0002,2026-06-16,FSE-2026-4571,Boot Artifact,Indicators warrant continued monitoring and forensic review.,,,,,,,2
EV-0003,2026-06-16,FSE-2026-4571,Boot Artifact,Indicators warrant continued monitoring and forensic review.,,,,,,,2
EV-0004,2026-06-16,FSE-2026-4571,Boot Artifact,Indicators warrant continued monitoring and forensic review.,,,,,,,2
EV-0005,2026-06-16,FSE-2026-4571,Boot Artifact,Indicators warrant continued monitoring and forensic review.,,,,,,,2
EV-0006,2026-06-16,FSE-2026-4571,Boot Artifact,Indicators warrant continued monitoring and forensic review.,,,,,,,2
EV-0007,2026-06-16,FSE-2026-4571,Boot Artifact,Indicators warrant continued monitoring and forensic review.,,,,,,,2
EV-0008,2026-06-16,FSE-2026-4571,Boot Artifact,Indicators warrant continued monitoring and forensic review.,,,,,,,2
EV-0009,2026-06-16,FSE-2026-4571,Boot Artifact,Indicators warrant continued monitoring and forensic review.,,,,,,,2
EV-0010,2026-06-16,FSE-2026-4571,Boot Artifact,Indicators warrant continued monitoring and forensic review.,,,,,,,2
EV-0011,2026-06-16,FSE-2026-4571,Boot Artifact,Indicators warrant continued monitoring and forensic review.,,,,,,,2
EV-0012,2026-06-23,FSE-2026-7255,Firmware Binary,Embedded device telemetry revealed irregular execution patterns.,,,,,,,2
EV-0013,2026-06-23,FSE-2026-8857,Firmware Image,Observed firmware hash deviations requiring validation.,,,,,,,2
EV-0014,2026-06-24,FSE-2026-1183,Firmware Signature,Embedded device telemetry revealed irregular execution patterns.,,,,,,,2
EV-0015,2026-06-24,FSE-2026-4731,Memory Dump,Embedded device telemetry revealed irregular execution patterns.,,,,,,,2
EV-0016,2026-06-24,FSE-2026-2292,Supply Chain Record,Indicators warrant continued monitoring and forensic review.,,,,,,,2
EV-0017,2026-06-25,FSE-2026-7081,Firmware Signature,Analyst review identified anomalous embedded system behavior.,,,,,,,2
EV-0018,2026-06-25,FSE-2026-2534,Firmware Signature,Analyst review identified anomalous embedded system behavior.,,,,,,,2
EV-0019,2026-06-26,FSE-2026-8702,Supply Chain Record,Observed firmware hash deviations requiring validation.,,,,,,,2
EV-0020,2026-06-27,FSE-2026-1126,Firmware Signature,Evidence remains inconclusive and requires additional collection.,,,,,,,2
EV-0021,2026-06-28,FSE-2026-8204,Boot Artifact,Artifact correlation suggests potential unauthorized modification.,,,,,,,2
EV-0022,2026-06-29,FSE-2026-5429,Supply Chain Record,Artifact correlation suggests potential unauthorized modification.,,,,,,,2
EV-0023,2026-06-30,BID-2026-8035,Firmware Binary,Embedded telemetry indicates persistent unauthorized execution.,,,,,,,2
EV-0024,2026-06-30,BID-2026-4019,Configuration Artifact,Observed firmware integrity deviations requiring immediate validation.,,,,,,,2
EV-0025,2026-06-30,BID-2026-9515,Firmware Signature,Observed firmware integrity deviations requiring immediate validation.,,,,,,,2
EV-0026,2026-06-30,BID-2026-3524,Firmware Image,Embedded telemetry indicates persistent unauthorized execution.,,,,,,,2
EV-0027,2026-06-30,BID-2026-5688,Firmware Signature,Indicators warrant continued monitoring and forensic collection.,,,,,,,2
EV-0028,2026-07-01,BID-2026-5026,Boot Artifact,Indicators warrant continued monitoring and forensic collection.,,,,,,,2
EV-0029,2026-07-01,BID-2026-9130,Embedded Log,Embedded telemetry indicates persistent unauthorized execution.,,,,,,,2
EV-0030,2026-07-01,BID-2026-6897,Embedded Log,Indicators warrant continued monitoring and forensic collection.,,,,,,,2
EV-0031,2026-07-01,BID-2026-3482,Supply Chain Record,Embedded telemetry indicates persistent unauthorized execution.,,,,,,,2
EV-0032,2026-07-01,BID-2026-1353,Memory Dump,Evidence supports possible firmware manipulation.,,,,,,,2
EV-0033,2026-07-02,BID-2026-6465,Supply Chain Record,Embedded telemetry indicates persistent unauthorized execution.,,,,,,,2
EV-0034,2026-07-02,BID-2026-5152,Firmware Signature,Indicators warrant continued monitoring and forensic collection.,,,,,,,2
EV-0035,2026-07-03,BID-2026-5969,Firmware Image,Evidence supports possible firmware manipulation.,,,,,,,2
EV-0036,2026-07-03,BID-2026-7113,Supply Chain Record,Evidence supports possible firmware manipulation.,,,,,,,2
EV-0037,2026-07-03,BID-2026-9063,Firmware Binary,Embedded telemetry indicates persistent unauthorized execution.,,,,,,,2
EV-0038,2026-07-03,BID-2026-1652,Firmware Signature,Behavior consistent with advanced persistence techniques.,,,,,,,2
EV-0039,2026-07-03,BID-2026-6859,Memory Dump,Behavior consistent with advanced persistence techniques.,,,,,,,2
EV-0040,2026-07-03,BID-2026-7583,Embedded Log,Indicators warrant continued monitoring and forensic collection.,,,,,,,2
EV-0041,2026-07-04,BID-2026-3469,Firmware Image,Evidence supports possible firmware manipulation.,,,,,,,2
EV-0042,2026-07-04,BID-2026-6034,Firmware Image,Observed firmware integrity deviations requiring immediate validation.,,,,,,,2
EV-0043,2026-07-05,BID-2026-1736,Supply Chain Record,Evidence supports possible firmware manipulation.,,,,,,,2
EV-0044,2026-07-05,BID-2026-3145,Boot Artifact,Embedded telemetry demonstrates abnormal execution behavior consistent with persistent firmware compromise.,,,,,,,2
EV-0045,2026-07-05,BID-2026-3702,Supply Chain Record,Device artifacts require additional reconstruction to determine operational impact.,,,,,,,2
EV-0046,2026-07-06,BID-2026-6201,Memory Dump,Collected evidence indicates unauthorized modification requiring additional forensic acquisition.,,,,,,,2
EV-0047,2026-07-07,BID-2026-7522,Memory Dump,Device artifacts require additional reconstruction to determine operational impact.,,,,,,,2
EV-0048,2026-07-08,BID-2026-1455,Digital Artifact,Evidence suggests coordinated reconnaissance against protected biomedical infrastructure.,,,,,,,2
EV-0049,2026-07-08,BID-2026-2028,Digital Artifact,Analysts identified suspicious activity affecting protected research resources.,,,,,,,2
EV-0050,2026-07-09,BID-2026-1982,Digital Artifact,Indicators remain consistent with a sophisticated cyber-enabled biosecurity investigation.,,,,,,,2
EV-00051,2026-07-09,BID-2026-6598,Digital Evidence,,Operation Lazarus,Digital Pathogen Intelligence Review,Digital Evidence Repository,Access Control System,Special Response Unit,Collected,2
EV-00052,2026-07-10,BID-2026-6042,Digital Evidence,,Operation Dead Signal,Medical Device Security Assessment,Clinical Trial Environment,Forensic Imaging Station,Analyst Team Alpha,Collected,2
EV-00053,2026-07-11,BID-2026-5446,Digital Evidence,,Operation Lazarus,Biosecurity Infrastructure Investigation,Clinical Trial Environment,Access Control System,Analyst Team Delta,Collected,2
EV-00054,2026-07-11,BID-2026-8339,Digital Evidence,,Operation Cold Harbor,Research Facility Intrusion,Federal Investigation Network,Laboratory Controller,Analyst Team Bravo,Collected,2
EV-00055,2026-07-11,BID-2026-5848,Digital Evidence,,Operation Nightfall,Biomedical Network Exposure,Federal Investigation Network,Forensic Imaging Station,Special Response Unit,Collected,2
EV-00056,2026-07-12,BID-2026-8029,Digital Evidence,,Operation Nightfall,Biocontainment Network Investigation,Medical Research Laboratory,Research Cluster,Analyst Team Bravo,Collected,2
EV-00057,2026-07-12,BID-2026-4594,Digital Evidence,,Operation Outbreak,Medical Device Security Assessment,Digital Evidence Repository,Access Control System,BioDefense Task Force,Collected,2
EV-00058,2026-07-13,BID-2026-7771,Digital Evidence,,Operation Black Eclipse,Research Facility Intrusion,Laboratory Control Network,Specimen Tracking Server,Analyst Team Bravo,Collected,2
EV-00059,2026-07-13,BID-2026-3923,Digital Evidence,,Operation Black Eclipse,Biological Intelligence Collection,Laboratory Control Network,Biomedical Workstation,Analyst Team Alpha,Collected,2
EV-00060,2026-07-13,BID-2026-5173,Authentication Logs,,Operation Black Eclipse,Unauthorized Research System Access,Evidence Processing Network,Biomedical Workstation,Analyst Team Bravo,Collected,2
EV-00061,2026-07-13,BID-2026-7533,Digital Evidence,,Operation Black Eclipse,Laboratory Security Breach,Federal Investigation Network,Biomedical Workstation,Analyst Team Bravo,Collected,2
EV-00062,2026-07-13,BID-2026-2187,Authentication Logs,,Operation Black Eclipse,Unauthorized Research System Access,Biomedical Analysis Cluster,Access Control System,Analyst Team Bravo,Collected,2
EV-00063,2026-07-14,BID-2026-3673,Digital Evidence,,Operation Black Eclipse,Digital Pathogen Intelligence Review,Biomedical Analysis Cluster,Access Control System,BioDefense Task Force,Collected,2
EV-00064,2026-07-14,BID-2026-4042,Digital Evidence,,Operation Black Eclipse,Biosecurity Infrastructure Investigation,Clinical Research Environment,Access Control System,National Response Cell,Collected,2
EV-00065,2026-07-14,BID-2026-8491,Digital Evidence,,Operation Black Eclipse,Biomedical Network Exposure,Federal Investigation Network,Specimen Tracking Server,National Response Cell,Collected,2
EV-00066,2026-07-15,BID-2026-6092,Digital Evidence,,Operation Black Eclipse,Biological Intelligence Collection,Clinical Research Environment,Digital Evidence Appliance,Analyst Team Alpha,Collected,2
EV-00067,2026-07-15,BID-2026-4519,Digital Evidence,,Operation Black Eclipse,Digital Pathogen Intelligence Review,Clinical Research Environment,Access Control System,Analyst Team Bravo,Collected,2
EV-00068,2026-07-16,BID-2026-7923,Digital Evidence,,Operation Black Eclipse,Evidence Reconstruction Investigation,Biomedical Analysis Cluster,Research Database,Analyst Team Bravo,Collected,2
EV-00069,2026-07-16,BID-2026-9568,Digital Evidence,,Operation Black Eclipse,Research Facility Intrusion,Laboratory Control Network,Digital Evidence Appliance,Analyst Team Bravo,Collected,2
EV-00070,2026-07-16,BID-2026-1951,Digital Evidence,,Operation Black Eclipse,Research Facility Intrusion,Clinical Research Environment,Specimen Tracking Server,Joint Cyber Investigation Unit,Collected,2
EV-00071,2026-07-16,BID-2026-7151,Digital Evidence,,Operation Black Eclipse,Biosecurity Infrastructure Investigation,Clinical Research Environment,Laboratory Controller,Joint Cyber Investigation Unit,Collected,2
EV-00072,2026-07-17,BID-2026-1588,Digital Evidence,,Operation Black Eclipse,Laboratory Security Breach,Evidence Processing Network,Genome Sequencing Server,Analyst Team Bravo,Collected,2
EV-00073,2026-07-17,BID-2026-1443,Digital Evidence,,Operation Black Eclipse,Biomedical Network Exposure,Evidence Processing Network,Access Control System,National Response Cell,Collected,2
EV-00074,2026-07-19,BID-2026-1767,Digital Evidence,,Operation Black Eclipse,Medical Device Security Assessment,Laboratory Control Network,Evidence Repository,Analyst Team Alpha,Collected,2
EV-00075,2026-07-19,BID-2026-7964,Digital Evidence,,Operation Black Eclipse,Medical Device Security Assessment,Biomedical Analysis Cluster,Access Control System,Analyst Team Delta,Collected,2
EV-00076,2026-07-19,BID-2026-9255,Digital Evidence,,Operation Black Eclipse,Counter-Bioterror Intelligence Case,Laboratory Control Network,Access Control System,National Response Cell,Collected,2
EV-00077,2026-07-19,BID-2026-5303,Digital Evidence,,Operation Black Eclipse,Counter-Bioterror Intelligence Case,Clinical Research Environment,Access Control System,Analyst Team Alpha,Collected,2
EV-00078,2026-07-19,BID-2026-2269,Digital Evidence,,Operation Black Eclipse,Counter-Bioterror Intelligence Case,Research Network,Specimen Tracking Server,Analyst Team Delta,Collected,2
EV-00079,2026-07-20,BID-2026-8160,Digital Evidence,,Operation Black Eclipse,Medical Device Security Assessment,Biosecurity Operations Center,Digital Evidence Appliance,Analyst Team Delta,Collected,2
EV-00080,2026-07-20,BID-2026-9164,Digital Evidence,,Operation Black Eclipse,Medical Device Security Assessment,Genome Sequencing Environment,Specimen Tracking Server,Analyst Team Delta,Collected,2
EV-00081,2026-07-21,BID-2026-5263,Digital Evidence,,Operation Black Eclipse,Biological Research Intelligence Collection,Evidence Processing Network,Biomedical Workstation,Analyst Team Delta,Collected,2
EV-00082,2026-07-21,BID-2026-4741,Digital Evidence,,Operation Black Eclipse,Biological Research Intelligence Collection,Research Network,Genome Sequencing Server,Joint Cyber Investigation Unit,Collected,2
EV-00083,2026-07-21,BID-2026-6233,Digital Evidence,,Operation Black Eclipse,Laboratory Security Breach,Biomedical Analysis Cluster,Access Control System,Analyst Team Delta,Collected,2
EV-00084,2026-07-22,BID-2026-4333,Digital Evidence,,Operation Black Eclipse,Biomedical Network Exposure,Evidence Processing Network,Research Database,Analyst Team Delta,Collected,2
EV-00085,2026-07-22,BID-2026-8048,Authentication Logs,,Operation Black Eclipse,Unauthorized Research System Access,Evidence Processing Network,Digital Evidence Appliance,Analyst Team Delta,Collected,2
EV-00086,2026-07-23,BID-2026-9826,Digital Evidence,,Operation Black Eclipse,Cyber-Biothreat Intelligence Review,Clinical Research Environment,Digital Evidence Appliance,National Response Cell,Collected,2
EV-00087,2026-07-23,BID-2026-2763,Digital Evidence,,Operation Black Eclipse,Biomedical Network Exposure,Federal Investigation Network,Specimen Tracking Server,National Response Cell,Collected,2
EV-00088,2026-07-23,BID-2026-3767,Digital Evidence,,Operation Black Eclipse,Biomedical Network Exposure,Evidence Processing Network,Biomedical Workstation,National Response Cell,Collected,2
EV-00089,2026-07-23,BID-2026-9421,Digital Evidence,,Operation Black Eclipse,Evidence Reconstruction Investigation,Laboratory Control Network,Specimen Tracking Server,Analyst Team Delta,Collected,2
EV-00090,2026-07-24,BID-2026-4404,Digital Evidence,,Operation Black Eclipse,Research Facility Intrusion,Laboratory Control Network,Genome Sequencing Server,Analyst Team Alpha,Collected,2
EV-00091,2026-07-24,BID-2026-7645,Digital Evidence,,Operation Black Eclipse,Counter-Bioterror Intelligence Case,Evidence Processing Network,Digital Evidence Appliance,BioDefense Task Force,Collected,2
EV-00092,2026-07-24,BID-2026-4432,Digital Evidence,,Operation Black Eclipse,Research Facility Intrusion,Laboratory Control Network,Laboratory Controller,Analyst Team Alpha,Collected,2
EV-00093,2026-07-24,BID-2026-3610,Digital Evidence,,Operation Black Eclipse,Laboratory Security Breach,Federal Investigation Network,Access Control System,Analyst Team Bravo,Collected,2
EV-00094,2026-07-24,BID-2026-8498,Digital Evidence,,Operation Black Eclipse,Cyber-Biothreat Intelligence Review,Evidence Processing Network,Evidence Repository,Analyst Team Delta,Collected,2
EV-00095,2026-07-24,BID-2026-7222,Digital Evidence,,Operation Black Eclipse,Cyber-Biothreat Intelligence Review,Clinical Research Environment,Access Control System,Joint Cyber Investigation Unit,Collected,2
EV-00096,2026-07-25,BID-2026-5964,Digital Evidence,,Operation Black Eclipse,Laboratory Security Breach,Federal Investigation Network,Digital Evidence Appliance,Analyst Team Delta,Collected,2
EV-00097,2026-07-25,BID-2026-6782,Digital Evidence,,Operation Black Eclipse,Laboratory Security Breach,Biomedical Analysis Cluster,Laboratory Controller,Analyst Team Bravo,Collected,2
EV-00098,2026-07-26,BID-2026-3972,Digital Evidence,,Operation Black Eclipse,Medical Device Security Assessment,Laboratory Control Network,Access Control System,Analyst Team Alpha,Collected,2
EV-00099,2026-07-26,BID-2026-8783,Digital Evidence,,Operation Black Eclipse,Evidence Reconstruction Investigation,Evidence Processing Network,Biomedical Workstation,BioDefense Task Force,Collected,2
EV-00100,2026-07-26,BID-2026-7389,Authentication Logs,,Operation Black Eclipse,Unauthorized Research System Access,Genome Sequencing Environment,Laboratory Controller,Analyst Team Delta,Collected,2
EV-00101,2026-07-26,BID-2026-5440,Digital Evidence,,Operation Black Eclipse,Counter-Bioterror Intelligence Case,Laboratory Control Network,Access Control System,Analyst Team Bravo,Collected,2
EV-00102,2026-07-26,BID-2026-1824,Digital Evidence,,Operation Black Eclipse,Biosecurity Infrastructure Investigation,Genome Sequencing Environment,Biomedical Workstation,National Response Cell,Collected,2
EV-00103,2026-07-26,BID-2026-4874,Digital Evidence,,Operation Black Eclipse,Laboratory Security Breach,Genome Sequencing Environment,Access Control System,Analyst Team Alpha,Collected,2
EV-00104,2026-07-26,BID-2026-8128,Digital Evidence,,Operation Black Eclipse,Medical Device Security Assessment,Laboratory Control Network,Biomedical Workstation,Analyst Team Bravo,Collected,2
EV-00105,2026-07-26,BID-2026-1198,Digital Evidence,,Operation Black Eclipse,Biomedical Network Exposure,Laboratory Control Network,Biomedical Workstation,Analyst Team Delta,Collected,2
EV-00106,2026-07-26,BID-2026-9301,Digital Evidence,,Operation Black Eclipse,Cyber-Biothreat Intelligence Review,Biosecurity Operations Center,Genome Sequencing Server,Joint Cyber Investigation Unit,Collected,2
EV-00107,2026-07-26,BID-2026-9419,Digital Evidence,,Operation Black Eclipse,Counter-Bioterror Intelligence Case,Evidence Processing Network,Digital Evidence Appliance,National Response Cell,Collected,2
EV-00108,2026-07-26,BID-2026-9404,Digital Evidence,,Operation Black Eclipse,Cyber-Biothreat Intelligence Review,Evidence Processing Network,Biomedical Workstation,National Response Cell,Collected,2
EV-00109,2026-07-26,BID-2026-9444,Digital Evidence,,Operation Black Eclipse,Biological Research Intelligence Collection,Evidence Processing Network,Research Database,Analyst Team Alpha,Collected,2
EV-00110,2026-07-27,BID-2026-1850,Digital Evidence,,Operation Black Eclipse,Research Facility Intrusion,Biosecurity Operations Center,Laboratory Controller,National Response Cell,Collected,2
EV-00111,2026-07-27,BID-2026-4464,Digital Evidence,,Operation Black Eclipse,Biological Research Intelligence Collection,Biosecurity Operations Center,Digital Evidence Appliance,Analyst Team Bravo,Collected,2
EV-00112,2026-07-28,BID-2026-8255,Digital Evidence,,Operation Black Eclipse,Counter-Bioterror Intelligence Case,Biomedical Analysis Cluster,Specimen Tracking Server,Analyst Team Alpha,Collected,2
EV-00113,2026-07-28,BID-2026-5296,Digital Evidence,,Operation Black Eclipse,Biomedical Network Exposure,Evidence Processing Network,Biomedical Workstation,Joint Cyber Investigation Unit,Collected,2
EV-00114,2026-07-28,BID-2026-2459,Digital Evidence,,Operation Black Eclipse,Research Facility Intrusion,Biosecurity Operations Center,Specimen Tracking Server,National Response Cell,Collected,2
EV-00115,2026-07-29,BID-2026-3308,Digital Evidence,,Operation Black Eclipse,Evidence Reconstruction Investigation,Federal Investigation Network,Biomedical Workstation,Analyst Team Delta,Collected,2
EV-00116,2026-07-29,BID-2026-9499,Authentication Logs,,Operation Black Eclipse,Unauthorized Research System Access,Biosecurity Operations Center,Genome Sequencing Server,Analyst Team Alpha,Collected,2
EV-00117,2026-07-29,BID-2026-2215,Authentication Logs,,Operation Black Eclipse,Unauthorized Research System Access,Laboratory Control Network,Laboratory Controller,Analyst Team Bravo,Collected,2
EV-00118,2026-07-29,BID-2026-4439,Digital Evidence,,Operation Black Eclipse,Evidence Reconstruction Investigation,Biosecurity Operations Center,Research Database,Analyst Team Delta,Collected,2
EV-00119,2026-07-30,BID-2026-2293,Digital Evidence,,Operation Black Eclipse,Medical Device Security Assessment,Biosecurity Operations Center,Digital Evidence Appliance,BioDefense Task Force,Collected,2
EV-00120,2026-07-30,BID-2026-3690,Digital Evidence,,Operation Black Eclipse,Biological Research Intelligence Collection,Clinical Research Environment,Laboratory Controller,Analyst Team Delta,Collected,2
EV-00121,2026-07-30,BID-2026-1003,Digital Evidence,,Operation Black Eclipse,Biomedical Network Exposure,Genome Sequencing Environment,Specimen Tracking Server,Analyst Team Delta,Collected,2
EV-00122,2026-07-30,BID-2026-1532,Digital Evidence,,Operation Black Eclipse,Research Facility Intrusion,Biosecurity Operations Center,Laboratory Controller,Analyst Team Delta,Collected,2
EV-00123,2026-07-30,BID-2026-5457,Digital Evidence,,Operation Black Eclipse,Biological Research Intelligence Collection,Research Network,Access Control System,Analyst Team Alpha,Collected,2
EV-00124,2026-07-30,BID-2026-8488,Digital Evidence,,Operation Black Eclipse,Research Facility Intrusion,Clinical Research Environment,Digital Evidence Appliance,Analyst Team Alpha,Collected,2
EV-00125,2026-07-30,BID-2026-1479,Digital Evidence,,Operation Black Eclipse,Cyber-Biothreat Intelligence Review,Biosecurity Operations Center,Biomedical Workstation,Analyst Team Bravo,Collected,2
EV-00126,2026-07-31,BID-2026-7077,Digital Evidence,,Operation Black Eclipse,Biological Research Intelligence Collection,Federal Investigation Network,Genome Sequencing Server,National Response Cell,Collected,2
EV-00127,2026-07-31,BID-2026-5363,Digital Evidence,,Operation Black Eclipse,Laboratory Security Breach,Genome Sequencing Environment,Evidence Repository,Joint Cyber Investigation Unit,Collected,2
EV-00128,2026-08-01,BID-2026-9408,Digital Evidence,,Operation Black Eclipse,Counter-Bioterror Intelligence Case,Federal Investigation Network,Research Database,Analyst Team Bravo,Collected,2
EV-00129,2026-08-01,BID-2026-8561,Authentication Logs,,Operation Black Eclipse,Unauthorized Research System Access,Laboratory Control Network,Biomedical Workstation,Analyst Team Bravo,Collected,2
EV-00130,2026-08-01,BID-2026-6443,Digital Evidence,,Operation Black Eclipse,Biological Research Intelligence Collection,Evidence Processing Network,Biomedical Workstation,Analyst Team Bravo,Collected,2
EV-00131,2026-08-01,BID-2026-4819,Digital Evidence,,Operation Black Eclipse,Laboratory Security Breach,Clinical Research Environment,Laboratory Controller,National Response Cell,Collected,2
EV-00132,2026-08-01,BID-2026-1115,Digital Evidence,,Operation Black Eclipse,Biosecurity Infrastructure Investigation,Federal Investigation Network,Genome Sequencing Server,Analyst Team Delta,Collected,2
EV-00133,2026-08-02,BID-2026-5702,Digital Evidence,,Operation Black Eclipse,Evidence Reconstruction Investigation,Genome Sequencing Environment,Evidence Repository,BioDefense Task Force,Collected,2
EV-00134,2026-08-02,BID-2026-9061,Digital Evidence,,Operation Black Eclipse,Research Facility Intrusion,Laboratory Control Network,Genome Sequencing Server,Analyst Team Bravo,Collected,2
EV-00135,2026-08-02,BID-2026-9879,Digital Evidence,,Coordinated Biomedical Systems Intrusion,Research Data Integrity Investigation,Laboratory Control Network,Biomedical Workstation,Joint Cyber Investigation Unit,Collected,2
EV-00136,2026-08-02,BID-2026-6104,Digital Evidence,,Coordinated Biomedical Systems Intrusion,Research Data Integrity Investigation,Clinical Research Environment,Evidence Repository,Analyst Team Bravo,Collected,2
EV-00137,2026-08-02,BID-2026-6321,Digital Evidence,,Coordinated Biomedical Systems Intrusion,Supply Chain Security Investigation,Protected Research Network,Network Security Appliance,BioDefense Task Force,Collected,2
EV-00138,2026-08-02,BID-2026-3342,Digital Evidence,,Coordinated Biomedical Systems Intrusion,Biological Research Intelligence Collection,Evidence Processing Network,Access Control Server,Analyst Team Alpha,Collected,2
EV-00139,2026-08-03,BID-2026-1278,Digital Evidence,,Coordinated Biomedical Systems Intrusion,Protected Research Systems Investigation,Medical Research Laboratory,Access Control Server,Analyst Team Delta,Collected,2
EV-00140,2026-08-03,BID-2026-3870,Digital Evidence,,Coordinated Biomedical Systems Intrusion,Laboratory Access Control Investigation,Clinical Research Environment,Clinical Data Server,Analyst Team Alpha,Collected,2
EV-00141,2026-08-03,BID-2026-2718,Digital Evidence,,Coordinated Biomedical Systems Intrusion,Biomedical Infrastructure Investigation,Clinical Research Environment,Network Security Appliance,Analyst Team Delta,Collected,2
EV-00142,2026-08-03,BID-2026-5077,Digital Evidence,,Coordinated Biomedical Systems Intrusion,Biological Research Intelligence Collection,Research Data Repository,Biomedical Workstation,Analyst Team Alpha,Collected,2
EV-00143,2026-08-03,BID-2026-8334,Authentication Logs,,Coordinated Biomedical Systems Intrusion,Unauthorized Research System Access,Clinical Research Environment,Biomedical Workstation,Analyst Team Delta,Collected,2
EV-00144,2026-08-03,BID-2026-4246,Digital Evidence,,Coordinated Biomedical Systems Intrusion,Biomedical Infrastructure Investigation,Protected Research Network,Laboratory Information Server,Joint Cyber Investigation Unit,Collected,2
EV-00145,2026-08-03,BID-2026-6850,Digital Evidence,,Coordinated Biomedical Systems Intrusion,Cyber-Biothreat Intelligence Review,Biomedical Analysis Cluster,Evidence Repository,BioDefense Task Force,Collected,2
EV-00146,2026-08-03,BID-2026-3408,Digital Evidence,,Coordinated Biomedical Systems Intrusion,Medical Device Security Assessment,Biomedical Analysis Cluster,Evidence Repository,Joint Cyber Investigation Unit,Collected,2
EV-00147,2026-08-03,BID-2026-7106,Digital Evidence,,Coordinated Biomedical Systems Intrusion,Medical Device Security Assessment,Protected Research Network,Research Database Server,National Response Cell,Collected,2
EV-00148,2026-08-03,BID-2026-7175,Digital Evidence,,Coordinated Biomedical Systems Intrusion,Research Data Integrity Investigation,Laboratory Control Network,Genome Analysis Workstation,National Response Cell,Collected,2
EV-00149,2026-08-03,BID-2026-6091,Digital Evidence,,Coordinated Biomedical Systems Intrusion,Protected Research Systems Investigation,Genome Sequencing Environment,Access Control Server,National Response Cell,Collected,2
EV-00150,2026-08-03,BID-2026-9937,Digital Evidence,,Coordinated Biomedical Systems Intrusion,Protected Research Systems Investigation,Evidence Processing Network,Network Security Appliance,Analyst Team Bravo,Collected,2
EV-00151,2026-08-03,BID-2026-3583,Digital Evidence,,Coordinated Biomedical Systems Intrusion,Biological Research Intelligence Collection,Research Data Repository,Clinical Data Server,National Response Cell,Collected,2
EV-00152,2026-08-03,BID-2026-5190,Digital Evidence,,Coordinated Biomedical Systems Intrusion,Cyber-Biothreat Intelligence Review,Research Data Repository,Genome Analysis Workstation,Analyst Team Bravo,Collected,2
EV-00153,2026-08-04,BID-2026-7918,Digital Evidence,,Coordinated Biomedical Systems Intrusion,Protected Research Systems Investigation,Medical Research Laboratory,Network Security Appliance,Analyst Team Delta,Collected,2
EV-00154,2026-08-04,BID-2026-9934,Digital Evidence,,Coordinated Biomedical Systems Intrusion,Supply Chain Security Investigation,Laboratory Control Network,Clinical Data Server,BioDefense Task Force,Collected,2
EV-00155,2026-08-04,BID-2026-5598,Digital Evidence,,Coordinated Biomedical Systems Intrusion,Specimen Management Security Review,Biosecurity Operations Center,Biomedical Workstation,Analyst Team Bravo,Collected,2
EV-00156,2026-08-04,BID-2026-6149,Digital Evidence,,Coordinated Biomedical Systems Intrusion,Supply Chain Security Investigation,Laboratory Control Network,Access Control Server,BioDefense Task Force,Collected,2
EV-00157,2026-08-04,BID-2026-5008,Authentication Logs,,Coordinated Biomedical Systems Intrusion,Unauthorized Research System Access,Biosecurity Operations Center,Evidence Repository,Analyst Team Delta,Collected,2
EV-00158,2026-08-04,BID-2026-6459,Digital Evidence,,Coordinated Biomedical Systems Intrusion,Supply Chain Security Investigation,Genome Sequencing Environment,Genome Analysis Workstation,Analyst Team Alpha,Collected,2
EV-00159,2026-08-04,BID-2026-8932,Digital Evidence,,Coordinated Biomedical Systems Intrusion,Specimen Management Security Review,Evidence Processing Network,Genome Analysis Workstation,Analyst Team Alpha,Collected,2
EV-00160,2026-08-05,BID-2026-1514,Digital Evidence,,Coordinated Biomedical Systems Intrusion,Digital Evidence Reconstruction Investigation,Clinical Research Environment,Medical Device Gateway,National Response Cell,Collected,2
EV-00161,2026-08-05,BID-2026-1207,Digital Evidence,,Coordinated Biomedical Systems Intrusion,Laboratory Access Control Investigation,Research Data Repository,Clinical Data Server,Joint Cyber Investigation Unit,Collected,2
EV-00162,2026-08-05,BID-2026-5780,Digital Evidence,,Coordinated Biomedical Systems Intrusion,Specimen Management Security Review,Evidence Processing Network,Clinical Data Server,National Response Cell,Collected,2
EV-00163,2026-08-06,BID-2026-8917,Authentication Logs,,Coordinated Biomedical Systems Intrusion,Unauthorized Research System Access,Genome Sequencing Environment,Laboratory Information Server,Joint Cyber Investigation Unit,Collected,2
EV-00164,2026-08-06,BID-2026-3923,Digital Evidence,,Coordinated Biomedical Systems Intrusion,Research Data Integrity Investigation,Clinical Research Environment,Access Control Server,National Response Cell,Collected,2
EV-00165,2026-08-06,BID-2026-2460,Digital Evidence,,Coordinated Biomedical Systems Intrusion,Research Facility Intrusion Investigation,Biosecurity Operations Center,Access Control Server,Joint Cyber Investigation Unit,Collected,2
EV-00166,2026-08-06,BID-2026-6446,Digital Evidence,,Coordinated Biomedical Systems Intrusion,Laboratory Security Breach Investigation,Biosecurity Operations Center,Network Security Appliance,Joint Cyber Investigation Unit,Collected,2
EV-00167,2026-08-06,BID-2026-1035,Digital Evidence,,Coordinated Biomedical Systems Intrusion,Biomedical Infrastructure Investigation,Clinical Research Environment,Laboratory Information Server,National Response Cell,Collected,2
EV-00168,2026-08-07,BID-2026-4601,Digital Evidence,,Coordinated Biomedical Systems Intrusion,Medical Device Security Assessment,Clinical Research Environment,Evidence Repository,Analyst Team Bravo,Collected,2
EV-00169,2026-08-07,BID-2026-1158,Digital Evidence,,Coordinated Biomedical Systems Intrusion,Medical Device Security Assessment,Medical Research Laboratory,Specimen Tracking Terminal,BioDefense Task Force,Collected,2
EV-00170,2026-08-07,BID-2026-6053,Digital Evidence,,Coordinated Biomedical Systems Intrusion,Digital Evidence Reconstruction Investigation,Research Data Repository,Biomedical Workstation,Analyst Team Alpha,Collected,2
EV-00171,2026-08-07,BID-2026-7379,Digital Evidence,,Coordinated Biomedical Systems Intrusion,Biological Research Intelligence Collection,Laboratory Control Network,Clinical Data Server,BioDefense Task Force,Collected,2
EV-00172,2026-08-07,BID-2026-2643,Digital Evidence,,Coordinated Biomedical Systems Intrusion,Research Facility Intrusion Investigation,Medical Research Laboratory,Laboratory Information Server,BioDefense Task Force,Collected,2
EV-00173,2026-08-07,BID-2026-6500,Digital Evidence,,Coordinated Biomedical Systems Intrusion,Digital Evidence Reconstruction Investigation,Clinical Research Environment,Laboratory Information Server,BioDefense Task Force,Collected,2
EV-00174,2026-08-08,BID-2026-2784,Digital Evidence,,Coordinated Biomedical Systems Intrusion,Biocontainment Network Investigation,Biomedical Analysis Cluster,Clinical Data Server,National Response Cell,Collected,2
EV-00175,2026-08-08,BID-2026-3237,Digital Evidence,,Coordinated Biomedical Systems Intrusion,Laboratory Access Control Investigation,Laboratory Control Network,Medical Device Gateway,BioDefense Task Force,Collected,2
EV-00176,2026-08-09,BID-2026-1692,Authentication Logs,,Coordinated Biomedical Systems Intrusion,Unauthorized Research System Access,Protected Research Network,Specimen Tracking Terminal,Joint Cyber Investigation Unit,Collected,2
EV-00177,2026-08-09,BID-2026-8790,Digital Evidence,,Coordinated Biomedical Systems Intrusion,Biomedical Infrastructure Investigation,Biomedical Analysis Cluster,Laboratory Information Server,Analyst Team Alpha,Collected,2
EV-00178,2026-08-10,BID-2026-1107,Digital Evidence,,Coordinated Biomedical Systems Intrusion,Laboratory Access Control Investigation,Medical Research Laboratory,Genome Analysis Workstation,Analyst Team Bravo,Collected,2
EV-00179,2026-08-10,BID-2026-3273,Digital Evidence,,Coordinated Biomedical Systems Intrusion,Medical Device Security Assessment,Laboratory Control Network,Evidence Repository,Analyst Team Delta,Collected,2
EV-00180,2026-08-11,BID-2026-6424,Digital Evidence,,Coordinated Biomedical Systems Intrusion,Laboratory Security Breach Investigation,Federal Investigation Network,Genome Analysis Workstation,BioDefense Task Force,Collected,2
EV-00181,2026-08-11,BID-2026-7336,Digital Evidence,,Coordinated Biomedical Systems Intrusion,Cyber-Biothreat Intelligence Review,Federal Investigation Network,Network Security Appliance,National Response Cell,Collected,2
EV-00182,2026-08-12,BID-2026-6172,Digital Evidence,,Coordinated Biomedical Systems Intrusion,Research Data Integrity Investigation,Medical Research Laboratory,Laboratory Information Server,Analyst Team Bravo,Collected,2
EV-00183,2026-08-12,BID-2026-8062,Digital Evidence,,Coordinated Biomedical Systems Intrusion,Medical Device Security Assessment,Research Data Repository,Specimen Tracking Terminal,Analyst Team Delta,Collected,2
EV-00184,2026-08-13,BID-2026-2880,Digital Evidence,,Coordinated Biomedical Systems Intrusion,Laboratory Access Control Investigation,Genome Sequencing Environment,Laboratory Information Server,Analyst Team Alpha,Collected,2
EV-00185,2026-08-13,BID-2026-5282,Digital Evidence,,Coordinated Biomedical Systems Intrusion,Specimen Management Security Review,Clinical Research Environment,Clinical Data Server,Analyst Team Bravo,Collected,2
EV-00186,2026-08-14,BID-2026-4791,Authentication Logs,,Coordinated Biomedical Systems Intrusion,Unauthorized Research System Access,Genome Sequencing Environment,Medical Device Gateway,Analyst Team Delta,Collected,2
EV-00187,2026-08-14,BID-2026-6513,Digital Evidence,,Coordinated Biomedical Systems Intrusion,Biomedical Infrastructure Investigation,Evidence Processing Network,Medical Device Gateway,National Response Cell,Collected,2
EV-00188,2026-08-15,BID-2026-2801,Digital Evidence,,Coordinated Biomedical Systems Intrusion,Laboratory Access Control Investigation,Biosecurity Operations Center,Network Security Appliance,Analyst Team Delta,Collected,2
EV-00189,2026-08-15,BID-2026-6717,Digital Evidence,,Coordinated Biomedical Systems Intrusion,Research Facility Intrusion Investigation,Clinical Research Environment,Laboratory Information Server,BioDefense Task Force,Collected,2
EV-00190,2026-08-16,BID-2026-4760,Authentication Logs,,Coordinated Biomedical Systems Intrusion,Unauthorized Research System Access,Protected Research Network,Clinical Data Server,Analyst Team Delta,Collected,2
EV-00191,2026-08-16,BID-2026-9730,Digital Evidence,,Coordinated Biomedical Systems Intrusion,Biomedical Infrastructure Investigation,Research Data Repository,Research Database Server,BioDefense Task Force,Collected,2
EV-00192,2026-08-17,BID-2026-7240,Digital Evidence,,Coordinated Biomedical Systems Intrusion,Biomedical Infrastructure Investigation,Genome Sequencing Environment,Laboratory Information Server,Analyst Team Bravo,Collected,2
EV-00193,2026-08-17,BID-2026-1008,Digital Evidence,,Coordinated Biomedical Systems Intrusion,Biomedical Infrastructure Investigation,Research Data Repository,Clinical Data Server,Analyst Team Delta,Collected,2
EV-00194,2026-08-18,BID-2026-9800,Digital Evidence,,Coordinated Biomedical Systems Intrusion,Supply Chain Security Investigation,Laboratory Control Network,Clinical Data Server,Analyst Team Bravo,Collected,2
EV-00195,2026-08-18,BID-2026-8887,Digital Evidence,,Coordinated Biomedical Systems Intrusion,Digital Evidence Reconstruction Investigation,Medical Research Laboratory,Specimen Tracking Terminal,BioDefense Task Force,Collected,2
EV-00196,2026-08-19,BID-2026-5842,Digital Evidence,,Coordinated Biomedical Systems Intrusion,Biomedical Infrastructure Investigation,Biomedical Analysis Cluster,Biomedical Workstation,Analyst Team Delta,Collected,2
EV-00197,2026-08-19,BID-2026-8627,Digital Evidence,,Coordinated Biomedical Systems Intrusion,Biological Research Intelligence Collection,Genome Sequencing Environment,Network Security Appliance,Analyst Team Alpha,Collected,2
EV-00198,2026-08-20,BID-2026-7168,Digital Evidence,,Coordinated Biomedical Systems Intrusion,Medical Device Security Assessment,Genome Sequencing Environment,Clinical Data Server,Analyst Team Delta,Collected,2
EV-00199,2026-08-20,BID-2026-2218,Digital Evidence,,Coordinated Biomedical Systems Intrusion,Supply Chain Security Investigation,Evidence Processing Network,Specimen Tracking Terminal,Analyst Team Delta,Collected,2
EV-00200,2026-08-21,BID-2026-5945,Digital Evidence,,Coordinated Biomedical Systems Intrusion,Laboratory Security Breach Investigation,Laboratory Control Network,Medical Device Gateway,Analyst Team Delta,Collected,2
EV-00201,2026-08-21,BID-2026-1480,Digital Evidence,,Coordinated Biomedical Systems Intrusion,Research Data Integrity Investigation,Research Data Repository,Clinical Data Server,BioDefense Task Force,Collected,2
EV-00202,2026-08-22,BID-2026-3128,Digital Evidence,,Coordinated Biomedical Systems Intrusion,Medical Device Security Assessment,Laboratory Control Network,Medical Device Gateway,Joint Cyber Investigation Unit,Collected,2
EV-00203,2026-08-22,BID-2026-1797,Digital Evidence,,Coordinated Biomedical Systems Intrusion,Biocontainment Network Investigation,Biomedical Analysis Cluster,Access Control Server,Analyst Team Alpha,Collected,2
EV-00204,2026-08-23,BID-2026-4817,Digital Evidence,,Coordinated Biomedical Systems Intrusion,Research Data Integrity Investigation,Medical Research Laboratory,Genome Analysis Workstation,Joint Cyber Investigation Unit,Collected,2
EV-00205,2026-08-23,BID-2026-9736,Digital Evidence,,Coordinated Biomedical Systems Intrusion,Laboratory Security Breach Investigation,Genome Sequencing Environment,Evidence Repository,National Response Cell,Collected,2
EV-00206,2026-09-03,BID-2026-3759,Digital Evidence,,Coordinated Biomedical Systems Intrusion,Medical Device Security Assessment,Federal Investigation Network,Genome Analysis Workstation,Joint Cyber Investigation Unit,Collected,2
